label,ID,中成药名,汉语拼音,成份,功能主治,所属类别,有效期,批准文号,孕妇及哺乳期妇女用药,贮藏,委托方企业,不良反应,用法用量,禁忌,包装,儿童用药,药物过量,规格,执行标准,临床试验,药物相互作用,注意事项,生产地址,警示语,生产企业,老年患者用药
medicine,62,柏芪降糖胶囊,BoQiJiangTangJiaoNang,侧柏叶、黄芪、枸杞子、乌梅。,益气养阴，清热生津。用于阴虚燥热证糖尿病的辅助治疗，可改善口渴思饮，多食善饥，心烦易怒，倦怠懒言，自汗盗汗，心悸失眠等症。,中成药>>其他,24个月。,国药准字B20020045,,密封。,,,口服。一次4粒，一日2次，或遵医嘱。,,铝塑板装，每板装10粒。,,,每粒装0.35g。,国家食品药品监督管理局标准(试行)WS-5041(B-0041)-2002,,,1.需在医生指导下用药。2.忌油腻、辛辣。,,,北京王朝保健品厂【企业名称】北京王朝保健品厂【地址】北京市大兴区北臧村镇前管营村【省份/国家】北京,
medicine,63,补虚消渴合剂,BuXuXiaokeheji,天花粉、葛根、麦冬、党参、茯苓、乌梅、黄芪（生黄芪、蜜黄芪）、甘草、五味子、地黄。,益气养阴，生津止渴。用于气阴两虚证糖尿病的辅助治疗，可改善倦怠乏力、气短懒言、口渴喜饮、五心烦热、自汗盗汗等症状。,中成药>>其他,24 个月,国药准字B20020118,,密封，置阴凉处（不超过 20 ℃ ）。,,,口服，一次 10 ml，一日 4 次。,,口服液体药用聚酯瓶，120 ml × 1 瓶。,,,120ml,国家药品监督管理局标准（试行）WS-5109（B-0109)2002,,,本品贮存日久可产生轻微沉淀，服时摇匀。本品请在医生指导下使用。,,,乐泰药业有限公司【企业名称】乐泰药业有限公司,
medicine,64,参灵通络胶囊,CanLingTongLuoJiaoNang,黄芪、人参、灵芝、冬虫夏草、地龙、川芎、当归、鸡血藤、红花、牛膝、桃仁、赤芍、丹参、桂枝、没药。,滋补肝肾，活血通络。用于改善糖尿病并发周围神经病变引起的四肢麻木，疼痛，感觉异常等症。,中成药>>其他,24月,国药准字B20020403,,密封。,,,口服。一次4粒，一日3次，饭后30分钟后服用。,,,,,,,,如与其他药物同时使用可能会发生药物相互作用，详情请咨询医师或药师。,在医生指导下使用。2.孕妇慎用。3.有出血倾向者慎用。,,,哈尔滨同一堂药业有限公司【企业名称】哈尔滨同一堂药业有限公司【地址】哈尔滨市利民经济技术开发区兴业东路2号【省份/国家】黑龙江省,
medicine,79,递法明片,DiFaMingPian,越桔果提取物，β-胡萝卜素。,增加静脉张力及起到保护血管的作用。用于糖尿病等引起的视网膜病变。,中成药>>其他,36个月。,Z20040004,,遮光，密封，常温保存。,,少数病例出血胃肠道不适等症。,口服。1次3片，一日2次，一个疗程为3～6个月。,,PVC/VDC铝塑泡罩包装。20片/盒。,,,每片重0.4g（含越桔果提取物100mg、β-胡萝卜素5mg）。,进口药品注册标准JZ20030012,,,1.孕妇需在医生指导下使用。2.请将此药品放在儿童不宜获取的地方。3.如患者感到不适，而在15天内未减轻，应向医师或药剂师报告，如不适的症状加剧，如血管的脆性增加（瘀斑扩散），则应立即报告医师。4.在用药的同时接受其他治疗，应及时向医师报告，以避免发生药物间的相互作用。,,,法国乐康美的澜制药厂【企业名称】法国乐康美的澜制药厂LaboratoiresLeurquinMediolanum【地址】68-84 rue Ampère Z.I.des Chanoux 93330 Neuilly Sur Marne，France【省份/国家】法国【电话】00 33 1 4944 2929【传真】00 33 1 4944 2942,
medicine,80,地骨降糖胶囊,DiGuJiangTangJiaoNang,地骨皮、郁金、水蛭、冬虫夏草、紫苏子、龟甲（制）、地龙。,滋阴润燥，化瘀通络。用于阴虚血瘀所引起的消渴，Ⅱ型糖尿病见上述证候者。,中成药>>其他,1.5年。,国药准字Z20026346,,密封。,,,口服，一次4粒，一日4次。,孕妇忌服，忌食辛辣；有出血倾向者忌用。,,,,每粒装0.3g,,,,糖尿病患者在服药期间要定期检查血糖。,,,金诃藏药股份有限公司【企业名称】金诃藏药股份有限公司【地址】西宁市纬二路22号(青海生物科技产业园)【邮编】810003【省份/国家】青海省【电话】0971-5319800  5319801【传真】0971-5319839【电子邮件】qhzyc@public.xn.qh.cn【主页】www.aruratm.com,
medicine,81,地骨降糖丸,DiGuJiangTangWan,冬虫夏草、水蛭、郁金、地骨皮、紫苏子、龟甲、地龙。,滋阴润燥，化瘀通络。用于用于阴虚血瘀所引起的消渴，2型糖尿病见上述证候者。,中成药>>其他,暂定两年,国药准字Z20090497,孕妇忌服。,密封，在阴凉干燥处（不超过20℃）保存。,,,口服，一日4丸，一日4次。,1.孕妇忌服，忌食辛辣；2.有出血倾向者忌用；3.对本药任何成分过敏者禁用；4.当本药性状发生改变时禁用。,,,,每丸重0.3g,,,如与其他药物同时使用可能会发生药物相互作用，详情请咨询医师或药师。,1.孕妇忌服，忌食辛辣；2.有出血倾向者忌用；3.对本药任何成分过敏者禁用；4.当本药性状发生改变时禁用。5.建议患者在治疗期间定期做血糖检查。,,,青海央宗药业有限公司【企业名称】青海央宗药业有限公司【地址】青海省西宁市城北区宁张路35号【省份/国家】青海省【电话】010-64097369,
medicine,126,复方丹参滴丸[药典],FuFangDanShenDiWan,丹参、三七、冰片。,活血化瘀，理气止痛。用于气滞血瘀所致的胸痹，症见胸闷、心前区刺痛；冠心病心绞痛见上述证候者。用于2型糖尿病引起的I期（轻度）、Ⅱ期（中度）非增殖性糖尿病视网膜病变气滞血瘀证所致的视物昏花、面色晦暗、眼底点片状出血，舌质紫暗或有瘀点瘀斑、脉涩或细涩。,中成药>>内科用药>>化瘀明目>>理气活血,48个月,国药准字Z10950111,,密封(10～30℃)。,天士力医药集团股份有限公司【企业名称】天士力医药集团股份有限公司,临床试验和监测数据显示，本品可见以下不良反应：胃肠系统：胃肠道不适、消化不良、嗳气、反酸、呃逆、恶心、呕吐、胀气、胃痛、腹胀、腹泻、腹痛、腹部不适等。皮肤及其附件：皮疹、瘙痒、潮红等皮肤过敏反应。神经系统：头晕、头痛等。心血管系统：心悸、胸闷、血压升高等。其他：乏力、咳嗽、口干、过敏或过敏样反应、尿蛋白、尿红细胞和酮体等。,1.用于冠心病心绞痛：口服或舌下含服。一次10丸，一日3次。28天为一个疗程；或遵医嘱。2.用于非增殖性糖尿病视网膜病变气滞血瘀证的症状改善：口服。一次20丸，一日3次。疗程24周。,对本品及所含成份过敏者禁用。,口服固体药用高密度聚乙烯瓶包装，每瓶装180丸。,,,每丸重27mg,《中国药典》2020年版一部及《国家药品监督管理局药品补充申请批准通知书》（通知书编号：2021B03528）,本品于2009年5月由原国家食品药品监督管理局批准开展糖尿病视网膜病变的临床试验，于2010年5月至2017年7月进行了Ⅱ、Ⅲ期临床试验。临床试验采用多中心、随机、双盲、安慰剂平行对照设计。Ⅱ期临床观察病例数为223例，试验组服用复方丹参滴丸，对照组服用安慰剂，其中试验组高剂量（30丸/次，一日3次）组55例，试验组中剂量（20丸/次，一日3次）组56例，试验组低剂量（10丸/次，一日3次）组56例，安慰剂组56例。Ⅲ期临床观察病例数为484例，其中试验组363例、安慰剂组121例。Ⅲ期临床试验纳入年龄30-70岁诊断为2型糖尿病引起的非增殖期糖尿病视网膜病变辨证属气滞血瘀证，HbAlc≤8.0%，排除了视网膜光凝术后患者、适宜光凝治疗患者、有一眼或两眼为糖尿病视网膜病变增殖期患者、合并其他眼病、肾衰者等。疗程24周。试验组服用复方丹参滴丸，对照组服用安慰剂，服药方法为：每次20丸，一日3次。Ⅲ期临床试验主要有效性结果：基线时，经标准对数视力表检查，受试者左眼矫正视力平均为4.72，右眼矫正视力平均为4.73，糖尿病视网膜病变（DR）病程平均为2.34年，试验组合并黄斑水肿的受试者比例为21.15%，安慰剂组为21.59%。治疗24周后，FAS集分析，视物昏花消失率试验组为20.17%，安慰剂组为5.79%，面色晦暗消失率试验组为28.73%，安慰剂组为11.57%，试验组优于安慰剂组，两组间比较有显著性差异（p＜0.05）。PPS集与FAS集结论一致。安全性研究结果：Ⅱ、Ⅲ期临床试验中，试验组共有707例受试者进入安全性数据集，新发现的不良反应有血压升高、尿蛋白、尿红细胞和酮体。,,1.孕期、哺乳期妇女慎用。2.过敏体质者慎用。3.脾胃虚寒患者慎用。4.如果患者服药后有消化道反应，建议舌下含服或饭后服用，或遵医嘱。5.对于有出血倾向或使用抗凝、抗血小板治疗的患者，应在医生指导下使用本品，并注意监测。6.目前尚无儿童用药的临床证据。7.当使用本品出现不良反应时，应及时就医。,,请仔细阅读说明书并在医师指导下使用,天士力医药集团股份有限公司【企业名称】天士力医药集团股份有限公司,
medicine,127,复方丹芎片,FuFangDanXiongPian,桃仁、红花、丹参、川芎等。,活血化癖。适用于糖尿病视网 膜病变，视网膜静脉阻塞属于 血癖证侯者。,中成药>>其他,二年,,,密封。,,,口服，一次5片，一日3次。,,,,,片芯重0.28g，每瓶装100片。,京药制字Z20053264,,,,,,北京东升制药有限公司【企业名称】北京东升制药有限公司【地址】北京市平谷区兴谷开发区二号区,
medicine,146,甘露消渴胶囊,GanLuXiaoKeJiaoNang,甘露消渴成方熟地黄、地黄、枸杞子、地骨皮、山茱萸、玄参、人参、党参、黄芪、菟丝子、天花粉、当归、黄连、白术、桑螵蛸、天冬、麦冬、泽泻、茯苓。,滋阴补肾，健脾生津。用于非胰岛素依赖型糖尿病。,中成药>>其他,暂定 18 个月,国药准字 Z20053108,,密封。,,,口服。一次 4～5 粒，一日 3 次；或遵医嘱。,,药用 PVC 硬片，药品包装用 PTP 铝箔；12 粒 × 3 板盒。,,,每粒装 0.3g,,,,,,,吉林金宝药业股份有限公司【企业名称】吉林金宝药业股份有限公司【地址】梅河口市环城北路6号【省份/国家】吉林省,
medicine,147,甘露消渴胶囊,GanLuXiaoKeJiaoNang,甘露消渴成方熟地黄、地黄、枸杞子、地骨皮、山茱萸、玄参、人参、党参、黄芪、菟丝子、天花粉、当归、黄连、白术、桑螵蛸、天冬、麦冬、泽泻、茯苓。,滋阴补肾，健脾生津。用于非胰岛素依赖型糖尿病。,中成药>>其他,24 个月,国药准字 Z20043370,,密封。,,,口服，一次 4～5 粒，一日 3 次，或遵医嘱。,,铝塑板包装，12 粒 × 2 板盒。,,,每粒装 0.3g,,,,,,,吉林高邈药业股份有限公司【企业名称】吉林高邈药业股份有限公司,
medicine,148,甘露消渴胶囊,GanLuXiaoKeJiaoNang,甘露消渴成方熟地黄、地黄、枸杞子、地骨皮、山茱萸、玄参、人参、党参、黄芪、菟丝子、天花粉、当归、黄连、白术、桑螵蛸、天冬、麦冬、泽泻、茯苓。,滋阴补肾，健脾生津。用于非胰岛素依赖型糖尿病。,中成药>>其他,暂定 18 个月。,国药准字 Z20063005,,密封。,,,口服，一次 4～5 粒，一日 3 次，或遵医嘱。,,铝塑包装，12 粒 × 3 板盒。,,,每粒装 0.3g,,,,,,,比智高药业有限公司【企业名称】比智高药业有限公司,
medicine,149,甘露消渴胶囊,GanLuXiaoKeJiaoNang,甘露消渴成方熟地黄、地黄、枸杞子、地骨皮、山茱萸、玄参、人参、党参、黄芪、菟丝子、天花粉、当归、黄连、白术、桑螵蛸、天冬、麦冬、泽泻、茯苓。,滋阴补肾，健脾生津。用于非胰岛素依赖型糖尿病。,中成药>>其他,暂定 18 个月,国药准字 Z20053944,,密封。,海外制药(镇赉)有限公司【企业名称】海外制药(镇赉)有限公司,,口服，一次 4～5 粒，一日 3 次，或遵医嘱。,,铝塑板包装，15 粒 × 2 板盒。,,,每粒装 0.3g,,,,,,,海外制药(镇赉)有限公司【企业名称】海外制药(镇赉)有限公司,
medicine,150,甘露消渴胶囊,GanLuXiaoKeJiaoNang,熟地黄、地黄、枸杞子、地骨皮、山茱萸、玄参、人参、党参、黄芪、菟丝子、天花粉、黄连、当归、白术、桑螵蛸、天冬、麦冬、泽泻、茯苓。,滋阴补肾，健脾生津。用于非胰岛素依赖型糖尿病。,中成药>>其他,18 个月。,国药准字 Z20093059,,密封。,,,口服。一次 4～5 粒，一日 3 次；或遵医嘱。,,铝塑板包装。,,,每粒装 0.3 g。,,,,,,,淄博亚大制药股份有限公司【企业名称】淄博亚大制药股份有限公司【地址】淄博开发区泰美路8-1号【省份/国家】山东省,
medicine,151,甘露消渴胶囊,GanLuXiaoKeJiaoNang,熟地黄、地黄、枸杞子、地骨皮、山茱萸、玄参、人参、党参、黄芪、菟丝子、天花粉、当归、黄连、白术、桑螵蛸、天冬、麦冬、泽泻、茯苓。,滋阴补肾，健脾生津。用于非胰岛素依赖型糖尿病。,中成药>>其他,18 个月,国药准字 Z20064094,,密封。,湖北广仁药业有限公司【企业名称】湖北广仁药业有限公司【地址】湖北省广水市桐柏大道209号【邮编】432721【省份/国家】湖北省【电话】0722-6423433【传真】0722-6419425【热线】健康产品中心电话：400－699－6466【主页】www.hbgr.net,,口服。一次 4～5 粒，一日 3 次，或遵医嘱。,,本品采用聚氯乙烯固体药用硬片药品包装用铝箔包装，12 粒*3 板,,,每粒装 0.3 克。,,,,,,,湖北广仁药业有限公司【企业名称】湖北广仁药业有限公司【地址】湖北省广水市桐柏大道209号【邮编】432721【省份/国家】湖北省【电话】0722-6423433【传真】0722-6419425【热线】健康产品中心电话：400－699－6466【主页】www.hbgr.net,
medicine,152,甘露消渴胶囊,GanLuXiaoKeJiaoNang,熟地黄、地黄、地骨皮、人参、枸杞子、黄芪、菟丝子、山茱萸、党参、黄连等十九味。,滋阴补肾，健脾生津。用于非胰岛素依赖型糖尿病。,中成药>>其他,暂定一年半,,,密封。,,,口服，一次4～5粒，一日3次，或遵医嘱。,,药用铝塑包装。12粒×3板/盒。,,,每粒装0.3g,,,,,,,陕西省中医药研究院汉唐制药有限公司【企业名称】陕西省中医药研究院汉唐制药有限公司【地址】西安市高新区草堂科技产业基地草堂四路18号西安市经济技术开发区明光路39号【邮编】710300【省份/国家】陕西省【电话】400-029-9019【传真】029-89012286【主页】www.sxhantang.com,
medicine,153,甘露消渴胶囊,GanLuXiaoKeJiaoNang,熟地黄、地黄、枸杞子、地骨皮、山茱萸，玄参、人参、党参、黄芪、菟丝子、天花粉、当归、黄连、白术、桑螵蛸、天冬、麦冬、泽泻、茯苓。,滋阴补肾，健牌生津。用于非胰岛依赖型糖尿病。,中成药>>其他,36 个月。,国药准字 Z63020187,,密封。,,,口服。一次 4~5 粒，一日 3 次，或遵医嘱。,,药用 PVC 硬片、铝箔包装：0.3 g × 12 粒板 × 3 板小盒。,,,每粒装 0.3 g。,,,,,,,青海省格拉丹东药业有限公司【企业名称】青海省格拉丹东药业有限公司【地址】青海生物科技产业园经三路6号【邮编】810003【省份/国家】青海省【电话】0971-5319868【传真】0971-5317738【主页】www.qhgldd.com,
medicine,154,甘芍消渴片,GanShaoXiaoKePian,甘草、白芍。,益阴养血。用于成年人阴血虚证的轻型糖尿病。,中成药>>其他,2年。,国药准字Z20027432,,密封。,,,口服，一次3～4片，一日3次；饭后服用。,对本品过敏者禁用。,,,,每片重0.28g,,,,（1）孕妇及过敏体质者慎用；（2）有急性感染或酮症酸中毒者不宜单独使用本品；（3）注意定期复查血糖,,,上海和黄药业有限公司【企业名称】上海和黄药业有限公司【地址】上海市真南路2098号【邮编】200331【省份/国家】上海市【电话】（021）62506452转【传真】（021）62506204【热线】800-820-1790【主页】www.shpl.com.cn,
medicine,219,葛芪胶囊,GeQiJiaoNang,葛根、黄芪、夜关门、金荞麦、杜仲、淫羊藿、地黄、玄参、天花粉、人参。,益气养阴，生津止渴。用于气阴两虚所致消渴病，症见倦怠乏力，气短懒言，烦热多汗，口渴喜饮，小便清长，耳鸣腰酸，以及Ⅱ型糖尿病见以上症状者。,中成药>>其他,1.5年。,国药准字Z20025542,,密封。,,,口服，一次2～3粒，一日3次。,,,,,每粒装0.4g,,,,定期复查血糖。,,,葵花药业集团(贵州)宏奇有限公司【企业名称】葵花药业集团(贵州)宏奇有限公司【地址】贵阳市勇烈路4号天洋公寓6楼16号【省份/国家】贵州省,
medicine,220,枸杞消渴胶囊,GouQiXiaoKeJiaoNang,鲜枸杞子、鲜沙棘、地骨皮、山药、山楂、麦芽、黄芪。,益气养阴，生津止渴。用于气阴两虚所致消渴，Ⅱ型糖尿病见上述证候者。,中成药>>其他,1.5年。,国药准字Z20025981,,密封。,,,口服，一次3粒，一日3次。,,,,,每粒装0.3g,,,,定期复查血糖。,,,金诃藏药股份有限公司【企业名称】金诃藏药股份有限公司【地址】西宁市纬二路22号(青海生物科技产业园)【邮编】810003【省份/国家】青海省【电话】0971-5319800  5319801【传真】0971-5319839【电子邮件】qhzyc@public.xn.qh.cn【主页】www.aruratm.com,
medicine,222,冠心康胶囊,GuanXinKangJiaoNang,丹参、赤芍、降香、红花、川芎。,心血管疾病：冠心病、心绞痛、心肌梗死、心律失常、心肌缺血、高血压、高脂血症、高粘血综合征、肺源性心脏病； 脑血管疾病：脑动脉硬化、脑梗死、脑供血不足、脑血栓、脑萎缩、血管性痴呆、脑出血、脑卒中后遗症、老年性痴呆、帕金森病； 其 它：对糖尿病的各种并发症、失眠、便秘等疾病有显著的作用，达到异病同治的效果。,中成药>>其他,18个月。,国药准字Z20090435,,密封。,,,口服。一次3―5粒，一日3次。,,铝塑板，3×12粒/板/盒。,,,每粒装0.45克,国家食品药品监督管理局标准YBZ06522009,,,请遵医嘱。,,,西安大唐制药集团有限公司【企业名称】西安大唐制药集团有限公司【地址】西安高新技术产业开发区高新三路16号【邮编】710075【省份/国家】陕西省【电话】029―88314500【传真】029―88314500【主页】http://www.xadtzy.com,
medicine,223,活力源口服液,HuoLiYuanKouFuYe,活力源成方人参茎叶总皂苷、黄芪、五味子、麦冬、附片。,益气养阴，强心益肾。适用于气阴两虚，心肾两亏引起的健忘失眠，记忆力减退。冠心病，慢性肝炎，糖尿病及更年期综合症而见上述证候者。,中成药>>其他,24 个月,国药准字 Z22022107,,密封，置阴凉处（不超过 20 ℃ ）。,,,口服，一次 20 ml，一日 2～3 次。,,钠钙玻璃管制口服液体瓶、口服液铝盖包装，每盒 6 支。,,,每支装 10 毫升,,,,,,,吉林省通化振国药业有限公司【企业名称】吉林省通化振国药业有限公司【地址】吉林省通化县湾湾川植物园【邮编】134110【省份/国家】吉林省【电话】0435-5337668【传真】0435-5337669【电子邮件】th@wzg.cn【主页】www.wzg.cn,
medicine,224,活力源片,HuoLiYuanPian,活力源成方人参茎叶总皂苷、黄芪、麦冬、五味子、附片。,益气养阴，强心益肾。适用于气阴两虚心肾两亏的，健忘失眠，记忆力减退。冠心病，慢性肝炎，糖尿病及更年期综合症而见上述证候者。,中成药>>其他,36 个月。,国药准字 Z22024320,,密封，防潮。,,,口服。一次 1 片，一日 2～3 次。,,"药用铝箔与 PVC, 10 片 x3 板盒。",,,基片重 0.25g,,,,,,,吉林省抚松制药股份有限公司【企业名称】吉林省抚松制药股份有限公司【地址】吉林省抚松县抚松镇松山街375号【邮编】100011【省份/国家】吉林省【传真】010-64255341,
medicine,225,活力源片,HuoLiYuanPian,人参茎叶总皂苷、黄芪、麦冬、五味子、附片。,益气养阴，强心益肾。适用于“气阴两虚，心肾两亏”引起的健忘失眠，记忆力减退。冠心病，慢性肝炎，糖尿病及更年期综合症而见上述证候者。,中成药>>其他,,国药准字Z20053665,,,,,口服，一次1片，一日2-3次。,,,,,基片重0.25g,,,,,,,吉林高邈药业股份有限公司【企业名称】吉林高邈药业股份有限公司,
medicine,250,降糖甲胶囊,JiangTangJiaJiaoNang,黄芪、黄精（酒炙）、地黄、太子参、天花粉。,补中益气，养阴生津。用于气阴两虚型消渴症（非胰岛素依赖型糖尿病）。,中成药>>其他,,,,,,,,,,,,每粒装0.45g,,,,请遵医嘱。,,请仔细阅读药品说明书并按说明使用或在医师指导下购买和使用。,贵州圣泉药业有限公司【企业名称】贵州圣泉药业有限公司【地址】贵州省贵阳市三桥中坝路64号【省份/国家】贵州省,
medicine,251,降糖甲胶囊,JiangTangJiaJiaoNang,黄芪、黄精（酒炙）、地黄、太子参、天花粉、。,补中益气，养阴生津。用于气阴两虚型消渴症（非胰岛素依赖型糖尿病）。,中成药>>其他,,国药准字Z20080560,,,贵州济生制药有限公司【企业名称】贵州济生制药有限公司,,,,,,,每粒装0.45g,,,,请遵医嘱。,,请仔细阅读药品说明书并按说明使用或在医师指导下购买和使用。,贵州济生制药有限公司【企业名称】贵州济生制药有限公司,
medicine,252,降糖甲颗粒,JiangTangJiaKeLi,黄芪、黄精（酒制）、地黄、太子参、天花粉等。,益气、养阴、生津。用于气阴两虚型消渴病（非胰岛素依赖型糖尿病）。症见：口渴多饮、五心烦热、无力多汗、心慌气短等。,中成药>>其他,24个月,国药准字Z20010057,,密封，置干燥处。,贵州家诚药业有限责任公司【企业名称】贵州家诚药业有限责任公司【地址】贵州省遵义市红花岗区玉屏路1号【省份/国家】贵州省,,口服。每日3次，每次4g，三个月为一疗程或遵医嘱。,,复合袋包装。,,,每袋装4g,,,如与其他药物同时使用可能会发生药物相互作用，详情请咨询医师或药师。,,,请仔细阅读药品说明书并按说明使用或在医师指导下购买和使用,贵州家诚药业有限责任公司【企业名称】贵州家诚药业有限责任公司【地址】贵州省遵义市红花岗区玉屏路1号【省份/国家】贵州省,
medicine,253,降糖甲片,JiangTangJiaPian,黄芪、黄精（酒炙）、地黄、太子参、天花粉。,补中益气，养阴生津。用于气阴两虚型消渴症（非胰岛素依赖型糖尿病）。,中成药>>其他,36个月,国药准字Z11020266,,密封。,,,口服。一次6片，一日3次。,,塑料瓶，60片／瓶。,,,片芯重0.3g,卫生部药品标准中药成方制剂第八册WS3-B-1570-93,,,,,,北京中医药大学药厂【企业名称】北京中医药大学药厂【地址】北京市顺义区林河工业开发区林河大街24号【邮编】101300【省份/国家】北京市【电话】（010）64286881  64286894  8008100728【传真】（010）64213479【主页】www.bzyy.com,
medicine,254,降糖宁胶囊,JiangTangNingJiaoNang,人参、山药、生石膏、知母、黄芪、天花粉、茯苓、麦冬、生地黄、地骨皮、玉米须、山茱萸、甘草。,益气，养阴，生津。用于糖尿病属气阴两虚者。,中成药>>其他,36 个月,国药准字 Z22021512,,密封，置阴凉干燥处。（不超过 20 ℃ ）,,,口服，一次 4?6 粒，一曰 3 次。,,铝塑包装；10 粒板*6 板盒。,,,每粒装 0.4g,,,,,,,吉林万通药业集团梅河药业股份有限公司【企业名称】吉林万通药业集团梅河药业股份有限公司【地址】吉林省梅河口市万通路666号【邮编】135027【省份/国家】吉林省【电话】0435-4893001【传真】0435-4891299,
medicine,255,降糖宁胶囊,JiangTangNingJiaoNang,降糖宁成方人参、山药、生石膏、知母、黄芪、天花粉、茯苓、麦冬、生地黄、地骨皮、玉米须、山茱萸、甘草。,益气，养阴，生津。用于糖尿病属气阴两虚者。,中成药>>其他,18 个月,国药准字 Z20080365,,密封，置阴凉干燥处。（不超过 20 ℃ ）,,,口服。一次 4～6 粒，一日 3 次。,,铝塑板。12 粒板 × 3 板盒。,,,每粒装 0.4g,,,,,,,吉林吉尔吉药业有限公司【企业名称】吉林吉尔吉药业有限公司【地址】吉林市高新区深圳街84号【省份/国家】吉林省,
medicine,256,降糖宁胶囊,JiangTangNingJiaoNang,降糖宁成方人参、山药、生石膏、知母、黄芪、天花粉、茯苓、麦冬、生地黄、地骨皮、玉米须、山茱萸、甘草。,益气，养阴，生津。用于糖尿病属气阴两虚者。,中成药>>其他,36 个月,国药准字 Z22020044,,密封，置阴凉干燥处（不超过 20 ℃ ）。,,,口服，一次 4～6 粒，一日 3 次。,,铝塑包装，12 片板 × 4 板盒。,,,每粒装 0.4g,,,,,,,吉林龙鑫药业有限公司【企业名称】吉林龙鑫药业有限公司【地址】和龙市人民大街1号【省份/国家】吉林省,
medicine,257,降糖宁胶囊,JiangTangNingJiaoNang,人参、山药、生石膏、知母、黄芪、天花粉、茯苓、麦冬、生地黄、地骨皮、玉米须、山茱萸、甘草。,益气，养阴，生津。用于糖尿病属气阴两虚者。,中成药>>其他,36 个月。,国药准字 Z14020629,,密封，置阴凉干燥处（不超过 20 ℃ ）。,,,口服。一次 4～6 粒，一日 3 次。,,铝塑，每盒 10 粒 × 3 板。,,,每粒装 0.4 g。,,,,,,,山西德元堂药业有限公司【企业名称】山西德元堂药业有限公司【地址】山西省晋中经济技术开发区山西医药工业园A区【邮编】030060【省份/国家】山西省【电话】0354-3072288【传真】0354-3073388【电子邮件】dyt800@163.com【主页】Http://www.deyuantang.com,
medicine,258,降糖宁胶囊,JiangTangNingJiaoNang,人参、山药、生石膏、知母、黄芪、天花粉、茯苓、麦冬、生地黄、地骨皮、玉米须、山茱萸、甘草。,益气、养阴、生津。用于糖尿病属气阴两虚者。,中成药>>其他,24 个月。,国药准字 Z44020365,,密封。,,,口服。一次 4～6 粒，一日 3 次。,,铝塑包装；每盒装 3 板，每板 12 粒。,,,每粒装 0.4 g。,,,,,,,惠州市九惠制药股份有限公司【企业名称】惠州市九惠制药股份有限公司,
medicine,259,降糖宁胶囊,JiangTangNingJiaoNang,人参、山药、生石膏、知母、黄芪、天花粉、茯苓、麦冬、地黄、地骨皮、玉米须、山茱萸、甘草,益气，养阴，生津。用于糖尿病属气阴两虚者。,中成药>>其他,18个月。,国药准字Z20033288,,密封，置阴凉（不超过20℃）干燥处。,,,口服，一次4-6粒，一日3次。,,药用PVC硬片，药品包装用PTP铝箔。12粒*3板/盒。,,,每粒装0.4g。,国家食品药品监督管理局标准（试行）YBZ04442003,,,,,,河南辅仁堂制药有限公司【企业名称】河南辅仁堂制药有限公司【地址】河南省鹿邑县玄武经济开发区【邮编】477293【省份/国家】河南省【电话】0394-7585084【传真】0394-7589199【电子邮件】kefubu@furen.com.cn【主页】www.furen.com.cn,
medicine,260,降糖宁胶囊,JiangTangNingJiaoNang,降糖宁成方人参、山药、生石膏、知母、黄芪、天花粉、茯苓、麦冬、生地黄、地骨皮、玉米须、山茱萸、甘草。,益气，养阴，生津。用于糖尿病属气阴两虚者。,中成药>>其他,36 个月,国药准字 Z22021968,,密封，置阴凉（不超过 20 ℃ ）干燥处。,海外制药(镇赉)有限公司【企业名称】海外制药(镇赉)有限公司,,口服。一次 4～6 粒，一日 3 次。,,铝塑板包装，12 粒 × 2 板盒。,,,每粒装 0.4g,,,,,,,海外制药(镇赉)有限公司【企业名称】海外制药(镇赉)有限公司,
medicine,261,降糖宁胶囊,JiangTangNingJiaoNang,降糖宁成方人参、山药、生石膏、知母、黄芪、天花粉、茯苓、麦冬、生地黄、地骨皮、玉米须、山茱萸、甘草。,益气，养阴，生津。用于糖尿病属气阴两虚者。,中成药>>其他,36 个月。,国药准字 Z22021233,,密封，置阴凉干燥处(不超过 20 ℃ )。,,,口服。一次 4～6 粒，一日 3 次。,,铝塑包装。12 粒板 × 3 板盒。,,,每粒装 0.4g,,,,,,,通化颐生药业股份有限公司【企业名称】通化颐生药业股份有限公司【地址】吉林省通化县快大茂镇团结路8855号【邮编】134100【省份/国家】吉林省【电话】0435-5331088【传真】0435-5335088【主页】www.yishengyy.com,
medicine,262,降糖宁片,JiangTangNingPian,人参、山药、黄芪、茯苓、麦冬、山茱萸、生地黄、天花粉、生石膏、知母、地骨皮等昧。,益气，养阴，生津。用于糖尿病属气阴两虚者。,中成药>>其他,,国药准字Z20090281,,,,,口服。一次4～6片，一日3次。,,,,,每片重0.5g,,,降糖宁胶囊能有效地增加葡萄糖的转运，加速葡萄糖的氧化和酵解，促进糖原的合成和贮存，抑制糖原分解和异生而降低血糖，并对糖尿病引起的反复感染、排尿困难、上体肥胖、皮肤瘙痒、周围神经炎肌腱反射减弱或消失有很好的效果。,请遵医嘱。,,请仔细阅读药品说明书并按说明使用或在医师指导下购买和使用。,北京长城制药有限公司【企业名称】北京长城制药有限公司【地址】北京市丰台区西四环南路63号【邮编】100071【省份/国家】北京【电话】010-51218507【传真】010-63812906【主页】www.cczy.com.cn,
medicine,263,降糖舒胶囊,JiangTangShuJiaoNang,人参、枸杞子、黄芪、刺五加、黄精、益智仁、牡蛎、地黄、熟地黄、葛根、丹参、荔枝核、知母、生石膏、芡实、山药、玄参、五味子、麦冬、乌药、天花粉、枳壳。,滋阴补肾，生津止渴。用于糖尿病及糖尿病引起的全身综合症。,中成药>>其他,36个月,国药准字Z22026057,,密封。,,,口服，一次4～6 粒，一日3次。,忌食辛辣。,铝塑包装：20粒/板×3板/盒。,,,每粒装0.3g,《部颁标准中药成方制剂》第八册；标准编号：WS3-B-1571-93；药典业发( 2002)第323号。,,如与其他药物同时使用可能会发生药物相互作用，详情请咨询医师或药师。,忌食辛辣。,,请仔细阅读说明书并在医师指导下使用忌食辛辣。,吉林省天泰药业股份有限公司【企业名称】吉林省天泰药业股份有限公司【地址】吉林省辉南县朝阳镇爱国街28号【邮编】135100【电话】0435-8267577/04358267766【传真】04358267678【热线】18643563256/18643563257【主页】www.Jlttyy.net,
medicine,264,降糖舒片,JiangTangShuPian,人参、枸杞子、黄芪、刺五加、黄精、益智仁、牡蛎、地黄、熟地黄、葛根、丹参、荔枝核、知母、生石膏、芡实、山药、玄参、五味子、麦冬、乌药、天花粉、枳壳。,滋阴补肾，生津止渴。用于糖尿病及糖尿病引起的全身综合症。,中成药>>其他,24 个月,国药准字 Z20050743,,密封。,,,口服。一次 4～6 片，一日 3 次。,忌食辛辣。,铝塑包装；18 片 × 3 板盒。,,,每片重 0.3g,,,,忌食辛辣。,,忌食辛辣。,吉林省天泰药业股份有限公司【企业名称】吉林省天泰药业股份有限公司【地址】吉林省辉南县朝阳镇爱国街28号【邮编】135100【电话】0435-8267577/04358267766【传真】04358267678【热线】18643563256/18643563257【主页】www.Jlttyy.net,
medicine,265,降糖舒丸,JiangTangShuWan,人参、枸杞子、黄芪、刺五加、黄精、益智仁、牡蛎、地黄、熟地黄、葛根、丹参、荔枝核、知母、生石膏、芡实、山药、玄参、五味子、麦冬、乌药、天花粉、枳壳。,滋阴补肾，生津止渴。用于糖尿病及糖尿病引起的全身综合症。,中成药>>其他,36 个月,国药准字 Z20090140,,密封。,,,口服。一次 6～9 丸，一日 3 次。,忌食辛辣。,口服固体药用高密度聚乙烯瓶。90 丸瓶。,,,每丸重 0.2g,,,,,,,吉林吉尔吉药业有限公司【企业名称】吉林吉尔吉药业有限公司【地址】吉林市高新区深圳街84号【省份/国家】吉林省,
medicine,266,降糖舒丸,JiangTangShuWan,人参、枸杞子、黄芪、刺五加、黄精、益智仁、牡蛎、地黄、熟地黄、葛根、丹参、荔枝核、知母、生石膏、芡实、山药、玄参、五味子、麦冬、乌药、天花粉、枳壳。,滋阴补肾，生津止渴。用于糖尿病及糖尿病引起的全身综合症。,中成药>>其他,18 月,国药准字Z20090392,,密封。,,,口服。一次48-72丸，一日3次。,,塑料瓶装，每瓶30g。,,,,,,,,,,广东国医堂制药股份有限公司【企业名称】广东国医堂制药股份有限公司【地址】广东省龙川县梅村工业区【邮编】517300【省份/国家】广东省【电话】（762）6762222【传真】（762）6762188【电子邮件】guoyitang@ok588.com【主页】www.ok588.com【说明】公司总部广东国医堂制药股份有限公司北京管理中心地    址：北京市朝阳区亚运村汇欣大厦A座16层邮政编码：100101电话号码：（010）65578888传真号码：（010）84977918,
medicine,267,降糖通脉胶囊,JiangTangTongMaiJiaoNang,太子参、黄芪、黄精、天冬、麦冬、玄参、天花粉、苍术、知母、葛根、黄连、丹参、以木材、赤芍、水蛭、川牛膝、鸡血藤、威灵仙、荔枝核、地龙、川芎。,益气养阴，活血化瘀、通经活络。用于气阴不足，瘀血阻络所致消渴，多饮、多食、多尿、消瘦、乏力，以及Ⅱ型糖尿病见上述证候者。,中成药>>其他,36 个月,国药准字 Z20025125,,密封。,,,口服，一次 3～4 粒，一日 3 次；饭后服用或遵医嘱。,,包装材质为要用聚氯乙烯和药用铝箔；包装规格为12粒板×2板盒。,,,每粒装 0.35g,,,,定期复查血糖。,,,青海鲁抗大地药业有限公司【企业名称】青海鲁抗大地药业有限公司【地址】青海生物科技产业园经二路22号【邮编】810003【省份/国家】青海【电话】0971-5316011 5317009【传真】0971-5318872【主页】www.qhdadi.com.cn,
medicine,268,降糖通脉片,JiangTangTongMaiPian,太子参、黄芪、黄精、天冬、麦冬、玄参、天花粉、苍术、知母、葛根、黄连、丹参、益母草、赤芍、水蛭、川牛膝、鸡血藤、威灵仙、荔枝核、地龙、川芎。,益气养阴，活血化瘀，通经活络。用于气阴不足，瘀血阻络所致消渴，多饮、多食、多尿、消瘦、乏力，以及Ⅱ型糖尿病见上述证候者。,中成药>>其他,36 个月,国药准字 Z20080489,,密封。,,,口服。一次 3～4 片，一日 3 次；饭后服用或遵医嘱。,,药用包装用铝箔；12 片 × 3 板盒。,,,每片重 0.35g,,,,定期复查血糖。,,,吉林龙泰制药股份有限公司【企业名称】吉林龙泰制药股份有限公司【地址】柳河县站前路666号【省份/国家】吉林省,
medicine,269,降糖通脉片,JiangTangTongMaiPian,太子参、黄芪、黄精、天冬、麦冬、玄参、天花粉、苍术、知母、葛根、黄连、丹参、益母草、赤芍、水蛭、川牛膝、鸡血藤、威灵仙、荔枝核、地龙、川芎。,益气养阴，活血化瘀，通经活络。用于气阴不足，瘀血阻络所致消渴，多饮、多食、多尿、消瘦、乏力，以及Ⅱ型糖尿病见上述证候者。,中成药>>其他,24月,国药准字Z20080548,,密封阴凉干燥处保存。,,,口服。一次3～4片，一日3次；饭后服用或遵医嘱。,,,,,,,,如与其他药物同时使用可能会发生药物相互作用，详情其咨询医师或药师。,定期复查血糖。,,,江苏万高药业股份有限公司【企业名称】江苏万高药业股份有限公司,
medicine,270,津力达颗粒,JinLiDaKeLi,人参、黄精、麸炒苍术、苦参、麦冬、地黄、制何首乌、山茱萸、茯苓、佩兰、黄连、知母、炙淫羊藿、丹参、粉葛、荔枝核、地骨皮,益气养阴，健脾运津。用于2型糖尿病气阴两虚证，症见：口渴多饮，消谷易饥，尿多，形体渐瘦，倦怠乏力，自汗盗汗，五心烦热，便秘等。,中成药>>内科用药>>扶正剂>>益气养阴,36个月,国药准字Z20050845,,密封，防潮，置阴凉干燥处(不超过20℃ )。,石家庄以岭药业股份有限公司【企业名称】石家庄以岭药业股份有限公司【地址】河北省石家庄高新技术开发区天山大街238号【邮编】050035【省份/国家】河北省【电话】800-8038581 （0311）85901719【传真】（0311）85901719【主页】www.yiling.cn,上市后监测数据显示本品可见以下胃肠道不良反应如腹泻、恶心，以及皮疹、瘙痒等过敏反应。,开水冲服。一次1袋，一日3次。8周为一疗程，或遵医嘱。对已经使用西药患者，可合并使用本品，并根据血糖情况，酌情调整西药用量。,忌食肥甘厚味、油腻食物。,复合膜袋装。9袋/盒。,,,每袋装9g,《中国药典》2020年版一部,,,孕妇慎用；定期复查血糖。,,,石家庄以岭药业股份有限公司【企业名称】石家庄以岭药业股份有限公司【地址】河北省石家庄高新技术开发区天山大街238号【邮编】050035【省份/国家】河北省【电话】800-8038581 （0311）85901719【传真】（0311）85901719【主页】www.yiling.cn,
medicine,271,津力达口服液,JinLiDaKouFuYe,人参、黄精、苍术、苦参等。,益气养阴，健脾运津。用于II型糖尿病气阴两虚证，症见口渴多饮，消谷易饥，尿多，形体渐瘦，倦怠乏力，自汗盗汗，五心烦热，便秘等。,中成药>>内科用药>>扶正剂>>益气养阴,,国药准字Z20000024,,,石家庄以岭药业股份有限公司【企业名称】石家庄以岭药业股份有限公司【地址】河北省石家庄高新技术开发区天山大街238号【邮编】050035【省份/国家】河北省【电话】800-8038581 （0311）85901719【传真】（0311）85901719【主页】www.yiling.cn,偶腹胀，一般不影响继续治疗。,口服。一次20ml，一日三次，8周为一疗程，或遵医嘱。对已经使用西药患者可合并使用，并根据血糖情况，酌情减少西药用量。,忌食服肥甘厚味，油腻。,,,,每支装10ml×10支,,,,1、孕妇慎用。2、定期复查血糖。,,,,
medicine,272,金芪降糖胶囊,JinQiJiangTangJiaoNang,黄连、黄芪、金银花。,清热益气。主治气虚兼内热之消渴病，症见口渴喜饮，易饥多食，气短乏力等，用于轻、中型非胰岛素依赖型糖尿病。,中成药>>内科用药>>扶正剂>>益气养阴,36 个月,国药准字 Z20000079,,密封。,,,饭前半小时口服。一次 6~8 粒，一日 3 次，疗程二个月或遵医嘱。,,口服固体药用高密度聚乙烯瓶。每瓶装 80 粒。,,,每粒装 0.4g,,,,,,,"浙江天一堂药业有限公司【企业名称】浙江天一堂药业有限公司【地址】浙江省兰溪市市区永进路6号【邮编】321100【省份/国家】浙江省【电话】0579-88864507,0579-88864508【传真】0579-88864506【主页】www.chinatyt.com",
medicine,273,金芪降糖颗粒,JinQiJiangTangKeLi,金银花、黄芪、黄连等。,改善糖脂代谢，预防糖尿病并发症。清热益气。本品主治气虚兼内热之消渴病，症见口渴喜饮，易讥多食，气短乏力等，用于中，轻型非胰岛素依赖型糖尿病。,中成药>>内科用药>>扶正剂>>益气养阴,36 月,国药准字Z19991096,,密封。,,,饭前半小时口服，一次5g，一日三次，疗程二个月或遵医嘱。,,药用塑料复合膜包装，每袋装5克，10袋/盒,,,5g,,,,非气虚兼类热症者慎用。,,,仲景宛西制药股份有限公司【企业名称】仲景宛西制药股份有限公司【地址】南阳市西峡县仲景大道,
medicine,274,金芪降糖片,JinQiJiangTangPian,黄连、黄芪、金银花。,清热益气。用于消渴病气虚内热证，症见口渴喜饮，易饥多食，气短乏力。轻、中型非胰岛素依赖型糖尿病见上述证候者。,中成药>>内科用药>>扶正剂>>益气养阴,36 个月,国药准字 Z10920027,,密封。,,偶见呕吐，腹泻，胃痛。,饭前半小时口服。一次 2~3 片，一日 3 次，疗程 3 个月或遵医嘱。,,药用 PVC-PTP 泡罩，0.56 g × 12 片 × 3 板。,,,每片重 0.56g,《中国药典》（1995年版）1998年增补版,,,"有严重冠心病或心肌供血不足病史者使用时应密切观察。服药期间忌食肥甘,辛辣之品,控制饮食,注意合理的饮食结构；忌烟酒。用药期间，请注意监测血糖。",,,天津中新药业集团股份有限公司隆顺榕制药厂【企业名称】天津中新药业集团股份有限公司隆顺榕制药厂【地址】天津市经济技术开发区第十大街21号【邮编】300457【省份/国家】天津市【电话】（022）26343709【传真】（022）26621598【热线】8008189955【主页】WWW.LSR.COM.CN,
medicine,275,金鳝消渴颗粒,JinShanXiaoKeKeLi,鳝鱼、山药、熟地黄、麦冬、地黄、丹参、郁金、麦芽、泽泻、甘草。,苗医怡渥曲靳，拉怡任早科夭罗，卡欧，暗习凶替聋，坳瓦罗岗蛙，仰溪秀切。中医滋阴清热，生津止渴。用于阴虚燥热所致的消渴，以及2型糖尿病见上述证候者。,中成药>>其他,1.5年。,国药准字Z20025153,,密封。,,,开水冲服，一次4g，一日3次；或遵医嘱。,,,,,每袋装4g,,,,定期复查血糖。,,,贵州汉方药业有限公司【企业名称】贵州汉方药业有限公司,
medicine,276,金糖宁胶囊,JinTangNingJiaoNang,蚕沙、甘草。,化浊祛湿，活血定痛。用于2型糖尿病属湿浊中阻兼血瘀证，症见：脘腹胀满，头身困重，倦怠乏力，大便不爽，或肢体麻木，肢体疼痛等。,中成药>>其他,24个月。,国药准字Z20080011,,密封，置阴凉干燥处。,,个别患者发生心前区疼痛，头晕，头痛，头胀，腹胀，吞酸，腹泻，恶心，呕吐，右肾区痛，腰痛，肛门排气增多，皮疹，瘙痒。,用餐前即刻服用。一次4粒，一日3次。疗程4周。,,,,,,国家药品标准YBZ00142008,本品经国家药品监督管理局（批件号2002ZL0045）批准于2002年8月-2004年9月进行随机双盲双模拟、平行对照、多中心试验。Ⅱ期：试验组103例，对照组109例；试验组脱落6例、剔除14例，对照组脱落8例、剔除9例。Ⅲ期：试验组338例，对照组112例；试验组脱落21例、剔除22例，对照组脱落7例、剔除8例。　   诊断标准：西医糖尿病诊断标准（采用1999年WHO专家咨询报告）：空腹静脉血糖（FPG）≥7.0mmol／L（126mg／dl）；或糖耐量试验（OGTT）中服糖后2小时血糖（2HPG）≥11.1 mmol／L（200mg/dl）；或随机血糖≥11.1 mmol／L（200mg/dl）。中医辨证为湿浊中阻兼血瘀证。进入试验前设有2周的导入期，是指原有服用磺脲类和/或双胍类降糖药物治疗4周以上血糖控制不佳者，或者空腹血糖和/或糖负荷后2h仍然符合诊断。　   观察项目：主要观察血糖（空腹、餐后2h）、糖化血红蛋白（HbAlc）和中医证候等。　   疗效标准：（1）西医疗效判定标准：进行空腹血糖、餐后2h血糖、糖化血红蛋白（HbAlc）组内治疗前后比较及组间差值、下降幅度比较。（2）证候疗效判定标准（尼莫地平法）：显效：中医证候积分减少≥70％。有效：中医证候积分减少≥30％。无效：中医证候积分减少不足30％。　    给药方案：导入期服药（安慰剂）2周。金糖宁胶囊，餐前即刻口服，一次4粒，一日3次；拜糖苹片（Glucobay），餐前即刻口服，一次1片，一日3次。同时加服安慰剂（片、胶囊）。疗程4周。      试验结果：（1）西医疗效（ITT分析）：Ⅱ期：空腹血糖恢复正常率治疗组35.0%、对照组25.0%;餐后2小时血糖恢复正常率治疗组61.5%、对照组54.7%；糖化血红蛋白恢复正常率（PP分析）治疗组20.9%、对照组32.9%。 Ⅲ期：空腹血糖恢复正常率治疗组38.0%、对照组32.6%;餐后2小时血糖恢复正常率治疗组54.9%、对照组54.8%；糖化血红蛋白恢复正常率（PP分析）治疗组14.9%、对照组18.6%。(2)证候疗效：Ⅱ期：治疗组显效率为62.50%， 有效率为25.0%，总有效率为87.50%。对照组显效率为65.35%，有效率为28.71%，总有效率为94.06%。Ⅲ期：治疗组显效率为43.53%，有效率为41.64%， 总有效率为85.17%。对照组显效率为42.86%，有效率为40.00%，总有效率为82.86%。      不良事件发生率：Ⅱ期：治疗组为6.96%(8/115例)。对照组为9.32% （11/118例）。其中治疗组表现头晕、头痛、头胀、腹胀、腹泻、便溏、恶心、呕吐、低血糖反应、肛门排气增多。Ⅲ期：治疗组为3.34%（12/359例），对照组为4.20%（5/119例）。其中：治疗组表现为心前区疼痛、头晕、头痛、头胀、腹胀、反酸、腹泻、恶心、呕吐、右肾区痛、腰痛、皮疹、低血糖反应、肛门排气增多。      试验期间，Ⅱ期：在原降糖药服用的基础上（为二甲双呱类、磺脲类；美迪康、美吡达、达美康、格列美脲、瑞易宁、格列本脲，以及消渴丸）加用试验药，治疗组55/97例，占56.70%；对照组64/101例，占63.36%。Ⅲ期：在原降糖药服用的基础上（为二甲双呱类、磺脲类；美迪康、美吡达、达美康、格华止、格列美脲、瑞易宁、孚来迪、诺和龙、格列本脲，以及消渴丸）加用试验药，治疗组181/317例，占57.09%；对照组57/105例，占54.28%。,,服药期间定期检测血糖、肝肾功能、心功能。,,,漳州片仔癀药业股份有限公司【企业名称】漳州片仔癀药业股份有限公司【地址】福建省漳州市上街【省份/国家】福建省,
medicine,310,抗饥消渴片,KangJiXiaoKePian,红参、黄连、黄柏、地黄、熟地黄、枸杞子、玉竹、麦冬、五味子。,养阴益气，润燥生津，抗饥止渴。用于非胰岛素依赖型糖尿病，对慢性萎缩性胃炎，胃阴虚者也有一定作用。,中成药>>其他,36 个月,国药准字 Z11020440,,密封。,北京同仁堂科技发展股份有限公司制药厂【企业名称】北京同仁堂科技发展股份有限公司制药厂【地址】北京市北京经济技术开发区东环北路5号【邮编】100176【省份/国家】北京【电话】(010) 87632888【传真】(010) 67615182【热线】4006000988【主页】www.tongrentangkj.com,,口服。一次 12 片，一日 3 次，或遵医嘱。,,塑料瓶装，100 片瓶。,,,每片重 0.3g,,,,脾虚湿滞者慎用。,,,北京同仁堂科技发展股份有限公司制药厂【企业名称】北京同仁堂科技发展股份有限公司制药厂【地址】北京市北京经济技术开发区东环北路5号【邮编】100176【省份/国家】北京【电话】(010) 87632888【传真】(010) 67615182【热线】4006000988【主页】www.tongrentangkj.com,
medicine,311,抗饥消渴片,KangJiXiaoKePian,红参、麦冬、五味子、熟地黄、地黄、玉竹、枸杞子、黄连、黄柏。,养阴益气，润燥生津，抗饥止渴。用于非胰岛素依赖型糖尿病，对慢性萎缩性胃炎，胃阴虚者也有一定作用。,中成药>>其他,二年。,,,密封。,,,口服，一次12片，一日3次，或遵医嘱。,,塑料瓶。每瓶装60片。,,,每片重0.3g。,,,,脾虚湿滞者慎用。,,,山东华洋制药有限公司【企业名称】山东华洋制药有限公司【地址】淄博双凤科技工业园【省份/国家】山东省,
medicine,312,渴乐宁胶囊,KeLeNingJiaoNang,黄芪、黄精（酒炙）、地黄、太子参、天花粉。,益气养阴生津。适用于气阴两虚型消渴病（非胰岛素依赖型糖尿病），症见口渴多饮，五心烦热，乏力多汗，心慌气短等。,中成药>>其他,24个月。,国药准字Z10930007,,密封，置阴凉干燥处（不超过20℃）。,,,口服，一次4粒，一日3次，三个月为一疗程。,,塑料瓶，60粒/瓶。,,,每粒装0.45g,部颁新药转正标准第十三册；标准编号：  WS3-257（Z-48）-95（Z）,,,,,,威海申威药业有限公司【企业名称】威海申威药业有限公司【地址】山东省文登市环山路121号【邮编】264400【省份/国家】山东省【电话】0631-8254637【传真】0631-8254637,
medicine,313,渴络欣胶囊,KeLuoXinJiaoNang,渴络欣成方黄芪、女贞子、水蛭、大黄、太子参、枸杞子。,益气养阴、活血化淤。用于糖尿病肾病属气阴两虚兼夹血瘀证，症见咽干口燥．倦怠乏力，多食易饥，气短懒言，五心烦热，肢体疼痛。尿混或浑浊。,中成药>>内科用药>>扶正剂>>益气养阴,24个月。,国药准宇Z20090035,,密封。,四川济生堂药业有限公司【企业名称】四川济生堂药业有限公司【地址】四川省彭州市繁江北路【邮编】611930【省份/国家】四川省【电话】（028）87509966【传真】（028）87505658【主页】www.cn-kanghong.com,个别患者偶见腹痛、腹泻。,口服。一次4粒，一日3次，疗程8周。,慢性腹泻者慎用。,塑料瓶。6粒/盒。,,,每粒装0.5g。,国家食品药品监督管理局标准YBZ00522009,,,本品是在血糖、血压控制比较理想（空腹血糖在（7.8mmol/L.餐后2h血糖在（13.0mmoVL HbAlc（8%：血压（16095mmHg）的状况下使用。本品尚无联合使用血管紧张素转化酶抑制剂（ACEI）和血管紧张素Ⅱ受体拮抗剂（ARB）药物的研究资料。服药期间定期检测血糖及尿白蛋白，并注意结合饮食控制和体育锻炼等方法综合治疗。对本品过敏或过敏体质者慎用。尚无研究数据支持本品可用于孕妇、哺乳期妇女，以及糖尿病酮症酸中毒及严重感染者。本品尚未进行过受试者空腹血糖≥13.9mmol/L.和（或）餐后2小时血糖≥16.6mmol/L条件下的相关研究。本品尚未进行过受试者尿蛋白≥3.5g/24h，血肌酐）176μmol／L条件下的相关研究。,,,四川济生堂药业有限公司【企业名称】四川济生堂药业有限公司【地址】四川省彭州市繁江北路【邮编】611930【省份/国家】四川省【电话】（028）87509966【传真】（028）87505658【主页】www.cn-kanghong.com,
medicine,338,露水草胶囊,LuShuiCaoJiaoNang,露水草。,彝医依补，拾补，希让诺，握尼依。中医滋阴清热，生津止渴。用于阴虚内热所致的消渴，2型糖尿病见上述证候者。,中成药>>其他,1.5年。,国药准字Z20027532,,密封。,,偶见胃肠道反应。,口服，一次2粒，一日3次；14天为一疗程，间隔2天，再进行第2疗程。,,,,,每粒装0.17g（相当于生药材4.1g）,,,,孕妇慎用；,云南省昆明市西郊七公里,,昆药集团股份有限公司【企业名称】昆药集团股份有限公司【地址】云南省昆明市西郊七公里,
medicine,393,麦芪降糖丸,MaiQiJiangTangWan,麦冬、黄芪、地黄、党参、天花粉、五味子、女贞子、牡丹皮、白茅根。,益气养阴，生津除烦，用于糖尿病气阴两虚证。,中成药>>内科用药>>扶正剂>>益气养阴,1.5年。,国药准字Z20025664,,密封。,,,口服，一次6g，一日4次。,,,,,每10丸重1g,,,,定期复查血糖。,,,重庆希尔安药业有限公司【企业名称】重庆希尔安药业有限公司【地址】重庆市合川工业园区希尔安大道【省份/国家】重庆市,
medicine,409,木丹颗粒,MuDanKeLi,黄芪、延胡索(醋制)、三七、赤芍、丹参、川芎、红花、苏木、鸡血藤。,益气活血，通络止痛。用于治疗糖尿病性周围神经病变属气虚络阻证，临床表现为四肢末梢及躯干部麻木、疼痛及感觉异常；或见肌肤甲错、面色晦暗、倦怠乏力、神疲懒言、自汗等。,中成药>>内科用药>>理气剂>>疏肝和胃,24 个月,国药准字 Z20080033,,密封。,,偶见恶心、呕吐、腹泻等胃肠道反应，一般不影响继续治疗，如较严重请停止服用。偶见皮疹或转氨酶升高，如有发生请停止服用。,饭后半小时服用，用温开水冲服。一次1袋，一日3次。4周为一疗程，可连续服用两个疗程。,过敏体质及对本品过敏者禁用。,复合膜包装。6 袋盒。,,,每袋装 7g,,"本品经国家食品药品监督管理局(批件号:2002ZL0161)批准于2003年3月~2005年7月进行了平行对照、随机、双盲双模拟、多中心的试验。Ⅱ期临床试验纳入240例,其中治疗组110例,脱落7例,剔除3例;对照组113例,脱落4例,剔除3例。期临床试验纳入48例,其中治疗组325例,脱落8例,剔除3例;对照组107例,脱落4例,剔除1例。诊断标准:(1)确诊为2型糖尿病,同时血糖获得有效控制(空腹血糖≤8.0mmol/L、餐后2h血糖11.0mmol/L);(2)同时具有感觉神经和运动神经障碍的临床表现,如四肢末梢及躯干部麻木、疼痛针刺样痛、电击样痛、刀割样痛、截肢样痛)、溃疡,以及痛觉、温度觉感觉障碍等;(3)电生理检查发现腓肠神经感觉神经传导速度(SCV)<4m/s,或腓总(深)神经运动神经传导速度(MC)28~40m/s;(4)中医气虚络阻证:四肢麻木,或四肢疼痛,倦怠乏力,神疲懒言,自汗,肌肤甲错,面色晦黯,舌体胖,舌质暗,或有瘀斑等。全部受试者均按糖尿病治疗原则进行综合治疗,同时控制主食,适当锻炼,使血糖达到本次研究需要的水平时方入组研究。给药方案:餐后0.5~1小时服药。木丹颗粒,一次7g,一日3次,同时服用弥可保片模拟剂。弥可保片,一次1片,一日3次,同时服用木丹颗粒模拟剂。Ⅱ期临床疗程为4周和8周,Ⅲ期临床疗程为8周期143例用药4周;另有期和期共545例用药8周。观察项目:肌电图神经传导速度指标和中医证候指标等。评价标准:(1)肌电图神经传导速度疗效判定标准(以改善最明显为准)。显效:肌电图神经传导速度恢复至正常或增加5m/s以上;有效:肌电图神经传导速度较前增加3m/s上;无效:神经传导速度增加不足3m/s。(2)中医证候疗效判定标准。临床痊愈:临床症状消失或基本消失,证候总积分较疗前减少≥95%;显效临床症状明显好转,证候总积分较疗前减少≥70%;有效:临床症状减轻证候总积分较疗前减少≥30%;无效:临床症状无明显改善或加重,证候总积分较疗前减少<30%。结果分析:1期肌电图疗效两组组间比较无显著性差异,其中(TT集)治疗组显效率35.9%、总有效率52.99%;对照组显效率34.19%、总有效率50.43%。神经传导速度分析显示无论是治疗4周还是治疗8周试验组与对照组神经传导速度治疗前后差值的组间比较均无显著性差异,其中治疗4周试验组左侧腓总运动传导速度增加1.197±1.780m/s,右侧腓总运动传导速度增加1.106±1.408m/s,左侧腓肠运动传导速度增加2.631±2.939m/s,右侧腓肠运动传导速度增加2.697±3.135m/s;对照组左侧腓总运动传导速度增加2.234±3.062m/s,右侧腓总运动传导速度增加1.329±1.986m/s,左侧腓肠运动传导速度增加2.477±4.765m/s,右侧腓肠运动传导速度增加4.179±6.559m/s。治疗8周试验组左侧腓总运动传导速度增加1.841±4.058ms,右侧腓总运动传导速度增加1.169±2.506m/s,左侧腓肠运动传导速度增加1.681±3.453m/s,右侧腓肠运动传导速度增加2.159±3.139m/s;对照组左侧腓总运动传导速度增加2.879±5.26m/s,右侧腓总运动传导速度增加0.810±2.871m/s,左侧腓肠运动传导速度增加1.621±3.289m/s,右侧腓肠运动传导速度增加1.506±3.722m/s期两组治疗4周后中医证候疗效组间比较痊愈率、显效率及总有效率无显著性差异其中(TT集)治疗组痊愈0.00%显效率6.84%、总有效率6239%;对照组痊愈0.00%显效率8.55%、总有效率65.81%PP集治疗组痊愈0.00%、显效率7.27%、总有效率64.55%;对照组痊愈0.00%、显效率8.85%、总有效率68.14%两组治疗8周后中医证候疗效组间比较痊愈率、显效率及总有效率无显著性差异。其中ITT集治疗组痊愈0.00%、显效率2222%、总有效率88.89%;对照组痊愈0.00%、显效率15.22%、总有效率9.13%。(PP集)治疗组痊愈0.00%、显效率22.22%、总有效率88.89%;对照组痊愈0.00%、显效率16.67%、总有效率95.24%。Ⅲ期肌电图疗效两组组间比较无显著性差异,其中(ITT集)治疗组显效率60.06%、总有效率68.47%;对照组显效率5586%、总有效率64.86%神经传导速度分析显示治疗8周试验组与对照组神经传导速度治疗前后差值的组间比较无显著性差异,其中试验组左侧腓总运动传导速度增加2.754±4.667m/s,右侧胖总运动传导速度增加3.223±4.96m/s,左侧腓肠运动传导速度增加2.910±5.370m/s,右侧腓肠运动传导速度增加3.413±5.715m/s对照组左侧腓总运动传导速度增加2.905±.170m/s,右侧腓总运动传导速度增加2.650±5.302m/s,左侧腓肠运动传导速度增加2.791±3.888m/s右侧腓肠运动传导速度增加3.409±4.736m/s期两组疗后中医证候疗效组间比较愈显率无显著性差异,但组间总有效率比较有显著性差异。其中(TT集)治疗组愈显率23.12%、总有效率90.9%;对照组愈显率22.52%总有效率81.98%PP集治疗组愈显率23.9%、总有效率93.23%;对照组愈显率23.36%、总有效率85.05%。同时,试验组对自汗的改善优于对照组。II期临床试验组出现1例胃肠道反应和1例A异常升高,研究者判断可能与受试药有关。III期临床试验组出现1例腹泻皮疹和1例ALT异常升高,研究者判断可能与受试药有关。",,"1.本品适用于血糖得到有效控制(空腹血糖8mmol/L、餐后2小时血糖≤11mmol/L)的糖尿病性周围神经病变患者。2.本品尚无严重肝肾功能障碍、妊娠妇女、哺乳期妇女、18岁以下青少年以及70岁以上老龄患者等特殊人群的研究数据,如需使用请在医师指导下服用。3.定期监测血糖、糖化血红蛋白。",,,辽宁奥达制药有限公司【企业名称】辽宁奥达制药有限公司【地址】营口市路南高新技术产业开发区【邮编】115001【省份/国家】辽宁省【电话】0417-3826132  0417-3826105【传真】0417-3826107【电子邮件】sc@aoda.com.cn【主页】www.aoda.com.cn,
medicine,421,欧车前亲水胶干混悬剂,OuCheQianQinShuiJiaoGanHunXuanJi,欧车前,适应症为功能性便秘、肠易激综合征、疼痛性憩室病、高胆固醇血症、非特异性腹泻、糖尿病及肛肠手术后的辅助治疗。,中成药>>其他,,,,,,,"成人 3.5 g或6 g，qd-tid, 儿童 用量酌减（6岁儿童的用量为成人的半量）。",,,,,每包装5.8g,,,,,,,"KonsylPharmaceuticals,Inc【企业名称】KonsylPharmaceuticals,Inc",
medicine,427,芪丹通络颗粒,QiDanTongLuoKeLi,黄芪、丹参、当归、附子(制)、桂枝、赤芍、川芎、川牛膝、麻黄、细辛、土茯苓、知母。,活血温阳，通络止痛。用于治疗糖尿病周围神经病变属气虚血瘀、寒凝脉阻证，临床表现为四肢自发性疼痛、肢端麻木、四肢发凉、肢软无力、感觉异常或减退；或见舌质紫暗或暗淡、脉细或细涩。,中成药>>其他,24个月,国药准字Z20090082,,密封，置阴凉处。,,偶见返酸、恶心、便秘和上腹部不适等胃肠道反应，一般不影响继续治疗。,饭前半小时温开水冲服。一次1袋，一日3次，疗程8周。,1.有出血倾向或凝血机制障碍者，或快速心律失常者，阴虚阳亢者禁用。2.过敏体质及对本品过敏者禁用。,药用复合膜袋包装。每盒装15袋；每盒装9袋；每盒装6袋。,,,每袋装8g,国家食品药品监督管理局药品标准YBZ01092009,本品经国家食品药品监督管理局（批件号：2003L00197)批准于2003年5月~2005年6月进行平行对照、随机、双盲双模拟、多中心的试验。Ⅱ期临床试验纳入240例，其中治疗组120例，脱落4例，违背方案（血糖控制不好)11例；对照组120例，脱落5例，违背方案（血糖控制不好）8例。Ⅲ期临床试验纳入478例，其中治疗组359例，脱落18例；对照组119例，脱落7例。诊断标准：(1)确诊为1、2型糖尿病，同时血糖获得有效控制（空腹血糖≤7.8mmol/L、餐后2h血≤11.0mmol/L);(2)同时具有感觉神经和运动神经障碍的临床表现，如四肢末梢及躯干部麻木、针刺样疼痛，以及痛觉、温度觉感觉障碍等；(3)神经功能体检记分达11分以上（参照密歇根糖尿病神经病变记分法[MDNS])；电生理检查发现肌电图传导速度异常；(4)中医气虚血瘀、寒凝脉络证：四肢自发性疼痛、肢端麻木、四肢发凉、肢软无力、感觉异常或减退；或见舌质紫暗或暗淡、脉细或细涩。全部受试者均按糖尿病治疗原则进行教育及综合治疗，同时，合并高血压的患者血压需获得理想控制在150/90mmHg以下，控制主食，适当锻炼，使血糖达到本次研究需要的水平时方入组研究。给药方案：饭前半小时服用。芪丹通络颗粒，一次1袋，一日3次；弥可保片，一次1片，一日3次。疗程为8周。同时服用对应的模拟剂。观察项目：神经功能测试和中医证候指标等。评价标准：(1)神经功能体检评定（尼莫地平法)。恢复：治疗后积分值下降100%；显效：治疗后积分值下降≥70%<100%；有效：治疗后积分值下降≥30%<70%；无效：治疗后积分值下降<30%。(2)中医证候疗效判定标准（尼莫地平法）。显效：证候积分较疗前减少≥70%；有效：证候积分较疗前减少≥30%<70%；无效：证候积分较疗前减少<30%。试验情况：Ⅱ期：神经功能体检评定，治疗组119例，恢复2例、显效10例、有效80例，总有效率77.3%；对照组117例，恢复4例、显效7例、有效70例，总有效率69.2%。中医证候疗效治疗组119例，显效33例、有效69例，总有效率85.7%；对照组117例，显效17例、有效72例，总有效率76.1%。Ⅲ期：神经功能体检评定，治疗组347例，恢复6例、显效44例、有效204例，总有效率73.2%；对照组115例，恢复2例、显效14例、有效62例，总有效率67.8%。中医证候疗效治疗组347例，显效96例、有效193例，总有效率83.3%；对照组115例，显效21例、有效65例，总有效率74.8%。另外，在Ⅱ、Ⅲ期试验中，进行了神经传导速度测定，结果提示有所改善。安全性研究：Ⅱ期临床试验组出现1例胃肠功能紊乱，研究者判断与受试药可能有关。试验组出现1例急性脑梗塞并退出试验，研究者判断与受试药无关，Ⅲ期临床试验组出现3例胃肠功能紊乱和1例便秘，研究者判断与受试药可能有关。,,1.运动员慎用。2.本品适用于血糖得到有效控制（空腹血糖≤7.8mmol/L、餐后2小时血糖≤11mmol/L)的糖尿病性周围神经病变患者。3.本品尚无严重肝肾功能障碍、妊娠妇女，哺乳期妇女、18岁以下青少年以及或70岁以上老龄患者等特殊人群的研究数据，如要使用请医生指导。4.高血压、心脏病患者在服药期间，同时注意将血压控制在150/90mmHg以下、心率宜控制在90次/分钟以下。5.定期监测血糖、糖化血红蛋白。6.与双胍类降糖类药物及糖苷酶抑制剂类药物合用时，服药间隔40分钟以上。7.本品在临床试验中涉及到β受体阻滞剂、硝酸脂类、ACEI类、钙离子拮抗剂、各类口服化学抗糖尿病药物、胰岛素制剂的使用。但是，本品与这些药物之间的关系，尚未进行更为深入的研究。8.本品处方中含有附子、麻黄、细辛等相关成分，尚无超过8周以上使用的安全性数据，继续使用者应在医师指导下进行。,,本品含附子(制)、细辛,河北中唐医药有限公司【企业名称】河北中唐医药有限公司【地址】石家庄市高新技术开发区天山大街51号【省份/国家】河北省,
medicine,428,杞黄降糖胶囊,QiHuangJiangTangJiaoNang,西洋参 知母 石膏 苦瓜干 蚕茧 黄芪 山药 地黄 玄参 北沙参 麦冬 玉竹 黄精 天花粉 鸡内金 黄连 山茱萸 枸杞子 女贞子 淫羊藿。,益气养阴、生津清热。用于轻度2型糖尿病、中医辨证属气阴两虚兼热症，症见倦怠乏力、口渴喜饮、易饥多食、尿多。,中成药>>其他,24个月,,,密封。,,,餐后服用；每日3次，每次2-3粒；或遵医瞩。,,,,,0.54g*12粒*11板,,,如与其他药物同时使用可能会发生药物相互作用，详情请咨询医师或药师。,,,请仔细阅读药品说明书并按说明书使用或在医师指导下购买和使用,德州博诚制药有限公司【企业名称】德州博诚制药有限公司【地址】陵县经济开发区腾达路西首【省份/国家】山东省,
medicine,429,七味糖脉舒胶囊,QiWeiTangMaiShuJiaoNang,黄芪、红参、地黄、五味子、芹菜子、芫荽、蜂胶。,补气滋阴，生津止渴。用于气阴不足所致的消渴，证见口渴消瘦，疲乏无力；2型糖尿病见上述证候者。,中成药>>其他,1.5年。,国药准字Z20025673,,密封。,,,口服，一次2～3粒，一日3次。,,,,,每粒装0.4g,,,,在医生的指导下配合化学降糖药使用。,,,三普药业有限公司【企业名称】三普药业有限公司,
medicine,430,杞药消渴口服液,QiYaoXiaoKeKouFuYe,枸杞子、天花粉、生地黄、山药、山茱萸、人参、黄连、石膏、甘草。,益气养阴，补益肝肾，清热除烦。用于气阴两虚证糖尿病的辅助治疗，可改善口渴多饮，消谷善饥，小便频多，气短乏力，腰膝酸软，心烦不寐等症状。,中成药>>其他,24个月,国药准字Z20043676,,密封，置阴凉（不超过20℃）干燥处,,,口服。一次10毫升，一日3次。,,玻璃管制口服液瓶，12支/盒,,,每瓶装10毫升,WS-5522（B-0522）-2002,,如与其他药物同时使用可能会发生药物相互作用，详情请咨询医师或药师。,1、在医生的指导下使用2、脾胃虚寒者慎用3、忌辛辣、油腻食物，含糖饮料及酒类4、如有沉淀现象，摇匀后使用，不影响疗效。,,,吉林康乃尔药业有限公司【企业名称】吉林康乃尔药业有限公司【地址】吉林市高新区深圳街95号【邮编】132013【省份/国家】吉林省【电话】0432-64641818【传真】0432-64641828【主页】www.connell.com.cn,
medicine,431,芪蛭降糖胶囊,QiZhiJiangTangJiaoNang,黄芪、地黄、黄精、水蛭。,"益气养阴，活血化瘀。用于气阴两虚、血瘀引起的口渴多饮，多尿易饥，体瘦乏力，自汗盗汗，面色晦暗,肢体麻木;Ⅱ型糖尿病。",中成药>>内科用药>>扶正剂>>益气养阴,,国药准字 Z10950116,,,,尚未明确。,口服，一次5粒，一日3次，疗程3个月。,,,,,胶囊剂,,,,,,,吉林一正药业集团有限公司【企业名称】吉林一正药业集团有限公司【地址】吉林省四平经济开发区一正路1号【邮编】136001【省份/国家】吉林省【电话】（0434）3320138  3320678【传真】（0434）3320661【主页】http://www.yizheng.com.cn,
medicine,432,芪蛭降糖片,QiZhiJiangTangPian,黄芪、地黄、黄精、水蛭。,益气养阴，活血化瘀，用于气阴两虚、血瘀引起的口渴多饮，多尿易饥，体瘦乏力，自汗盗汗，面色晦暗，肢体麻木；Ⅱ型糖尿病。,中成药>>内科用药>>扶正剂>>益气养阴,18个月。,国药准字Z20050787,,密闭、防潮。,北京华神制药有限公司【企业名称】北京华神制药有限公司【地址】北京市昌平区东小口镇中滩村110号【邮编】102218【省份/国家】北京【电话】（010）84811275【传真】（010）84845220,,口服。一次5片，一日3次。疗程3个月。,孕妇禁用。,铝塑板包装，15片/板，2板/盒。,,,每片重0.52g。,国家食品药品监督管理局标准（试行）YBZ29452005,,,有凝血机制障碍、出血倾向者慎用。,,,北京华神制药有限公司【企业名称】北京华神制药有限公司【地址】北京市昌平区东小口镇中滩村110号【邮编】102218【省份/国家】北京【电话】（010）84811275【传真】（010）84845220,
medicine,433,芪蛭益肾胶囊,QiZhiYiShenJiaoNang,黄芪、地黄、女贞子、水蛭、炒僵蚕、土鳖虫、熟大黄、匙羹藤叶、青风藤、车前子。,"益气养阴,化瘀通络。用于早期糖尿病肾病气阴两虚证,症见倦怠乏力、口干咽燥、五心烦热、食少纳呆、面色无华、肢体麻木。舌质淡,或舌质暗红或有瘀斑、瘀点,或少苔;脉细或细涩。",中成药>>其他,36个月,国药准字Z20210005,,密封。,山东凤凰制药股份有限公司【企业名称】山东凤凰制药股份有限公司【地址】山东省东营市利津县津二路198号【邮编】257400【省份/国家】山东省【电话】0546-5629811【传真】0546-5629722【主页】http://www.lihuayi.com,"临床试验期间受试者用药后出现:皮疹、瘙痒,过敏性皮炎,肝生化指标异常升高。","口服。一次5粒,一日3次。疗程为24周。",1.孕妇及哺乳期妇女禁用。2.对本品以及本品所含成份过敏者禁用。,口服固体药用高密度聚乙烯瓶包装。45粒/瓶。60粒/瓶。75粒/瓶。90粒/瓶。105粒/瓶。,,,每粒装0.38g(相当于饮片2.86g),国家药品监督管理局药品注册标准YBZ00452021,"本品于2008年由国家药品监督管理局批准临床试验,于2010年4月至2014年7月开展了ⅡI、Ⅲ期临床试验,均采用多中心、随机、双盲、安慰剂平行对照设计。ⅡI期临床试验共入组281例,其中试验组140例,安慰剂组141例;Ⅲ期临床试验共入组478例,其中试验组358例,安慰剂组120例。II期临床试验纳入人群为:符合早期糖尿病肾病气阴两虚证患者,20-70周岁,24h尿UAER20-200μg/min,eGFR≥60mL/min/1.73m?,HbA1c≤7.5%。给药方法:试验组服用芪蛭益肾胶囊,对照组服用安慰剂,均为一次5粒,一日3次。疗程24周。II期临床试验有效性结果:基线时,24h尿白蛋白排泄率(UAER)试验组75.254±59.034ug/min,安慰剂组78.152±66.936ug/min。FAS集,主要疗效结果,用药24周后,24h尿白蛋白排泄率(UAER)较基线下降大于50%的比率:试验组38.55%,安慰剂组26.67%,两组率差值及其95%CI为11.88%(2.50,21.26);24h尿白蛋白排泄率(UAER)下降率:试验组35.72土40.43%,安慰剂组14.25±71.84%,两组率差值及其95%CI为21.46%(10.99,31.92);可以达到试验组优于安慰剂组的优效性假设。次要疗效指标,中医证候单项症状倦怠乏力、口干咽燥、五心烦热、食少纳呆、面色无华、肢体麻木等的显效率,试验组好于安慰剂组。安全性研究结果:ⅡI、Ⅲ期试验组共有498例受试者进入安全性数据集,出现4例皮疹、瘙痒,1例过敏性皮炎,1例y-谷氨酰转肽酶(疗后最高值为141U/L),1例谷氨酸氨基转移酶(疗后最高值为51U/L)。",,"1.忌食生冷辛辣。2.过敏体质者慎用。用药期间如果发生过敏反应,应立即停药。3.肝功能异常者慎用,用药期间应监测肝功能。4.有妊娠计划者慎用。5.有出血倾向者慎用。",,,山东凤凰制药股份有限公司【企业名称】山东凤凰制药股份有限公司【地址】山东省东营市利津县津二路198号【邮编】257400【省份/国家】山东省【电话】0546-5629811【传真】0546-5629722【主页】http://www.lihuayi.com,
medicine,434,芪明颗粒,QiMingKeLi,黄芪、葛根、地黄、枸杞子、决明子、茺蔚子、蒲黄、水蛭。,益气生津、滋养肝肾、通络明目。用于2 型糖尿病视网膜病变单纯型，中医辩证属气阴亏虚、肝肾不足、目络瘀滞证，症见视物昏花、目睛干涩、神疲乏力、五心烦热、自汗盗汗、口渴喜饮、便秘、腰膝酸软、头晕、耳鸣。,中成药>>其他,24 个月,国药准字 Z20090036,,密封，至阴凉（不超过 20 ℃ ）干燥处。,,个别患者用药后出现胃脘不适、皮疹、瘙痒等等。,开水冲服。一次 1 袋，一日 3 次。疗程为 3～6 个月。,尚不明确，建议孕妇慎用。,铝塑复合膜袋包装，每盒 15 袋。铝塑复合膜袋包装，每盒 21 袋。,,,每袋装 4.5g,YBZ00532009,本品于 2000 年经原国家药品监督管理局批准临床研究，于 2000 年 10 月至 2004 年 5 月进行Ⅱ、Ⅲ期临床试验。Ⅱ期临床试验采用多中心、随机、双盲、双模拟、对照试验方法，临床试验病例数为 214 例，芪明颗粒组与导升明胶囊对照组各 107 例；Ⅲ期临床试验采用多中心、随机、平行对照试验方法，临床试验病例数为 529 例，治疗组 353 例，对照组 176 例。观察了芪明颗粒治疗气阴亏虚、肝肾不足、淤血阻络症 2 型糖尿病引起的视网膜病变单纯（临床分期为Ⅰ～Ⅲ期，Ⅲ期临床试验观察了部分糖尿病视网膜病变Ⅳ期患者，但例数较少）的疗效，对照药为导升明胶囊。试验期间血糖控制在较为正常或基本正常的水平并相对稳定。Ⅱ期临床试验的疗程为 3 个月；Ⅲ期临床试验的疗程为 3 个月，其中有三家临床单位观察疗程为 6 个月。疗效指标主要以视力、眼底检查（微血管瘤、出血、渗出、眼底荧光血管造影等）和相关症状体征、中医证候为主，主要的疗效评价是以同时具备视力和眼底检查的改善为标准。Ⅱ期临床试验中，芪明颗粒组的总体疗效和导升明胶囊组比较，差异有统计学意义，芪明颗粒组的疗效优于导升明胶囊组。中医证候疗效比较，Ⅱ、Ⅲ期临床试验，差异均有统计学意义，芪明颗粒组优于导升明胶囊组。但治疗后视网膜微血管瘤数目、眼底出血、硬性渗出、软性渗出单项比较，芪明颗粒组和导升明胶囊组差异无显着意义。视力单项比较，差异有统计学意义，芪明颗粒组优于导升明胶囊组。中医主要症状比较，视物昏花、双目干涩改善程度比较，除了Ⅲ期临床试验治疗 3 个月时双目干涩改善程度芪明颗粒组好于导升明胶囊，差异有统计学意义外，Ⅱ期临床和Ⅲ期临床 6 个月时，芪明颗粒组和导升明胶囊组差异无显着意义。神疲乏力、自汗盗汗、口渴喜饮、腰膝酸软、头晕、耳鸣组间比较，差异无显着意义。芪明颗粒经治疗前后的血、尿、便常规、肝（ALT）、肾（BUN、Cr）功能和心电图检查，除了个别患者服药后出现 ALT 的轻度升高，不能完全排除与本品有关外，未发现其他与服用芪明颗粒明确有关的明显治疗后异常和异常加重。治疗组部分患者治疗后出现血常规、尿常规、ALT、BUN、Cr 和心电图等异常或异常加重，认为与糖尿病肾病、冠心病、高血压、脂肪肝、尿路感染合并感染等病有关；芪明颗粒组有 9 例不良事件，不排除与药物有关的为胃脘不适 1 例，临床医生判断为肯定有关；半身麻木 1 例，临床医生判断为可能无关。,,"1.服用本药期间仍需服用基础降糖药物,以便有效的控制血糖。2.服用本品期间应忌食辛辣油腻食物。3.脾胃虚寒者,出现湿阴胸闷、胃肠胀满、食少便溏者,或痰多者不宜使用。4.个别患者服药后出现ALT的轻度升高，尚不能完全排除与本品有关。5.服药期间出现胃脘不适、大便稀糖者，可停药观察。6.与大剂量养阴生津、活血化瘀中药合用，或与大剂量扩张血管药物合用，应咨询有关医师。",,,浙江万晟药业有限公司【企业名称】浙江万晟药业有限公司【地址】杭州市莫干山路989号【省份/国家】浙江省【电话】0571-88093988转【传真】0571-88093120【主页】wanma@wmpha.com.cn,
medicine,446,芪黄消渴胶囊,Qihuangxiaokejiaonang,人参，黄芪，地黄，玄参，麦冬，天花粉，山药，苍术，黄连，五味子，丁香叶。,益气生津，活血化瘀，用于气阴两虚证糖尿病的辅助治疗，可改善倦怠乏力，多食易饥，口渴多饮，小便量多等症状。,中成药>>其他,,国药准字B20020115,,,,,口服。一次3-4粒，一日3次。,忌辛、辣、刺激性食物。,,,,每粒装0.4g,,,,,,,黑龙江国药双兰星制药有限公司【企业名称】黑龙江国药双兰星制药有限公司,
medicine,447,清宫长春片,QingGongChangChunPian,人参、当归、白芍、天冬、牛膝、茯苓、五味子、石菖蒲、枸杞子、麦冬、地黄、熟地黄、远志、覆盆子、杜仲、木香、花椒、菟丝子（制）、地骨皮、山药、山茱萸（制）、柏子仁、泽泻、肉苁蓉。,1.烦劳过度所致的面色不华，脱发、神衰体弱，精力不足，健忘易倦，失眠多梦，头晕耳鸣，视物不明、腰痛膝酸，性欲减退，遗精滑精，易于感冒，夜尿频多，二便不禁。2.女子更年期阴阳不调、气血不和的月经量减少、时有时停、潮热汗多、烦躁易怒、失眠心悸。3.小儿先天禀赋不足所致发育迟缓，智力障碍。4.糖尿病、肺结核、慢性乙型肝炎、慢性肾小球肾炎，肾病综合征、慢性肾功能衰竭迁延日久，导致的肾精亏耗。5.亚健康的肝肾亏虚型.,中成药>>其他,24个月,国药准字Z20090298,尚未明确。,遮光，密封保存。,,尚未明确。,口服。一次2～4片，一日2～3次。,尚未明确。,0.28g*18片*2板/盒,尚未明确。,未进行该项研究且暂无可靠文献参考。,0.28g*18片*2板,,,未进行该项研究且暂无可靠文献参考。,感冒时暂停服用。,,请仔细阅读药品说明书并按说明书使用或在医师指导下购买和使用,四川省通园制药集团有限公司【企业名称】四川省通园制药集团有限公司,尚未明确。
medicine,449,七味糖脉舒片,Qiweitangmaishupian,黄芪300g、芹菜子200g、芫荽200g、五味子250g、地黄250g、红参200g、蜂胶100g、淀粉46g。,滋阴润燥，生津消渴。用于困倦乏力，精神不振，口渴消瘦，Ⅱ型糖尿病及并发症。,中成药>>其他,18 月,国药准字Z20025673,,密封。,,,口服，一次2～3粒，一日3次。,,0.4gx20粒/盒。,,,,,,,在医生的指导下配合化学降糖药使用。,,,三普药业股份有限公司【企业名称】三普药业股份有限公司【地址】青海省西宁市德令哈路58号【邮编】810007【省份/国家】青海省【电话】0971-8144045【传真】0971-8144044【热线】8008287200【主页】www.600869.comn,
medicine,450,七味糖脉舒片,Qiweitangmaishupian,黄芪、芹菜子、芫荽、五味子、地黄、红参、蜂胶。,补气滋阴，生津止渴。用于气阴不足所致的消渴，证见：口渴消瘦，疲乏无力；2 型糖尿病见上述证候者。,中成药>>其他,24 个月,国药准字 Z20080292,,密封。,,,口服。一次 2-3 片，一日 3 次。,,铝塑板包装，16 片 x2 板盒。,,,每片重 0.42g,,,,在医生的指导下配合化学降糖药使用。,,,长春海外制药集团有限公司【企业名称】长春海外制药集团有限公司【地址】长春市海外街1号【邮编】130012【省份/国家】吉林省【电话】（0431）5111444 5179888,
medicine,451,仁青常觉[药典],RenQingChangJue,珍珠、朱砂、檀香、降香、沉香、诃子、牛黄、麝香、西红花等。,清热解毒、调和滋补。“龙、赤巴、培根”各病，陈旧性胃肠炎、溃疡，“木布”病，萎缩性胃炎，各种中毒症；梅毒，麻风，陈旧热病，糖尿病炭疽，坏疽，疖痛，干黄水，化脓等。,中成药>>其他,,,,密封。,,,口服。重病1日1克(1丸)；一般隔3―7天或10天服1克(1丸)；研碎后黎明空腹服用。,,,,,每丸重1g,,,,服用前后三天忌食各类肉、酸性事物；服药期间，禁食酸、腐、生冷事物；防止受凉；禁止房事。,,,西藏甘露藏药股份有限公司【企业名称】西藏甘露藏药股份有限公司,
medicine,456,人知降糖胶囊,RenZhiJiangTangJiaoNang,知母、人参、黄柏、天花粉、生地黄、玄参、麦冬、黄芪、地骨皮、北沙参、石斛、玉竹、五味子、女贞子、枸杞子、山药、鸡内金、葛根。,益气养阴，清热生津。用于Ⅱ型糖尿病属气阴两虚兼燥热伤津证的辅助治疗，缓解以下症状：倦怠乏力，气短懒言，口干口渴，五心烦热，自汗盗汗，多食易饥，便秘溲赤，心悸失眠，腰酸不适等。,中成药>>其他,暂定2年。,国药准字Z20060160,,密封，置阴凉干燥处。,,,温开水送服，一次5粒，一日3次。疗程8周。,孕妇慎用。,铝塑板。15粒/板。,,,每粒装0.4g。,,,,服药期间忌食辛辣之物。,,,宁波诚年药业有限公司【企业名称】宁波诚年药业有限公司【地址】宁波市大榭开发区榭西工业区【省份/国家】浙江省,
medicine,462,桑枝总生物碱片【商标名称】桑博恩,SangZhiZongShengWuJianPiann,桑枝总生物碱。,配合饮食控制及运动，用于2型糖尿病。,中成药>>其他,36个月。,国药准字Z20200002,本品已完成的临床试验尚无妊娠期妇女及哺乳期妇女的有效性和安全性数据，妊娠期妇女不得使用本品，建议哺乳期妇女不使用本品。,密封。,北京五和博澳药业有限公司【企业名称】北京五和博澳药业有限公司,"临床试验期间受试者用药后出现：常见肠胃胀气、腹胀、腹泻、肝生化学指标升高、血尿酸升高, 偶见腹痛、胃肠鸣音异常、恶心、呕吐、腹部不适、 头晕、血脂升高、水肿、血肌酐升高、尿路感染。",嚼碎后与第一口或前几口食物一起服用。起始剂量每次1片，一日3次，4周后递加至每次2片，一日3次。疗程24周。,1.对本品及本品所含成份过敏者、既往接受过α-糖苷酶抑制剂类药物治疗过敏者禁用。2.有明显消化和吸收障碍的慢性胃肠功能紊乱患者禁用。3.患有由于肠胀气而可能恶化的疾患（如Roemheld综合征、严重的疝气、肠梗阻、肠道术后和肠溃疡）的患者禁用。4.妊娠期妇女禁用。5.严重肝脏、肾脏功能损害的患者禁用。,聚三氟氯乙烯/聚氯乙烯固体药用复合硬片、药用铝箔。12片/板×2板/盒；12片/板×3板/盒。,本品已完成的临床试验尚无儿童和青春期少年的有效性和安全性数据，本品不应使用于18岁以下的患者。,,50mg,YBZ00022020,"本品于2008年由国家药品监督管理局批准临床研究，于2010年至2015年进行了 I、II、III 期临床试验。两个III期临床试验，均采用多中心、随机、 双盲、平行对照设计，纳入18 ~ 70岁，19kg/m2≤ BMI ≤ 30kg/m2的血糖控制不佳的2型糖尿病患者。IIIa期临床试验纳入单药治疗（筛选前3个月内未接受过抗糖尿病药物治疗且过去任何时间接受的抗糖尿病药物治疗不超过3个月,经饮食和运动治疗3个月以上，血糖控制不佳）和联合二甲双胍片治疗（筛选前3个月内未接受过非双胍类抗糖尿病药物治疗，且接受双胍类抗糖尿病药物治疗，病情和药物剂量稳定8周以上，血糖控制不佳）者， 满足7% ≤糖化血红蛋白Alc（HbAlc） ≤10%,且空腹静脉血浆葡萄糖≤13mmol/L。导入期4周，导入期前后2次空腹血糖差值不超过2.5mmol/L者进入治疗期，疗程24周。给药方案如下所示：IIIa期临床试验给药方案一览表IIIb期临床试验为单药治疗，纳入筛选前3 个月内，经饮食和运动治疗3个月以上，血糖控制不佳、满足7%≤HbAlc≤9%,且空腹静脉血浆葡萄糖≤11mmol/L者。导入期2周，导入期前后2次空腹血糖差值不超过2.5mmol/L者进入治疗期，疗程16周。给药方案如下所示:IIIb期临床试验给药方案一览表主要有效性结果:IIIa期FAS结果显示，24周相对于基线 HbAlc变化值，试验组为-0.93%,对照组为-0.87%, 试验组与对照组最小二乘均数差值及其95%CI 为-0.05% (-0.18%, 0.07%),根据预设非劣效标准0.3%, 95%CI上限小于0.3%,试验组非劣于对照组。PPS与FAS结论一致。IIIb期FAS结果显示，16周相对于基线HbAlc变化值，试验组为-0.80%,对照组为-0.09%,对照组和试验组组间最小二乘均数差值及其 95%CI 为 0.71% ( 0.49%, 0.93% ), 95%CI下限大于0,试验组优于对照组。PPS与 FAS结论一致。临床试验期间的安全性：I期人体临床耐受性试验中，单次给药试验包含5个剂量组(100mg、200mg、300mg、 450mg、600mg),不良反应为腹泻、腹胀、尿酸升高、总胆红素升高。连续给药试验包含2个剂量组(150mg/次tid和200mg/次tid ),不良反应为腹胀、腹泻、尿酸升高、肠鸣/矢气、肠鸣、总胆红素升高、血白细胞升高，未见严重不良事件发生。II、III期临床试验(50-100mg )不良反应情况如下：",1.服用本品治疗期间，由于结肠内碳水化合物酵解增加，蔗糖或含有蔗糖的食物常会引起腹部不适，甚至导致腹泻。2.服用本品期间，避免同时服用考来酰胺、肠道吸附剂和消化酶类制剂，以免影响本品的疗效。3.本品尚无与除二甲双孤外其他药物联用的有效性和安全性数据。,"1.本品临床试验尚无超出说明书用法用量及疗程的有效性和安全性数据。2.本品临床试验尚无用于有严重糖尿病并发症症状者、服用降脂药物不规律或剂量不稳定的高脂血症患者、服用或未服用降压药血压控制不佳者、其他内分泌疾病患者如皮质醇增多症、肢端肥大症等人群的有效性和安全性数据。3.用药期间应定期监测肝、肾功能及血尿酸水平。4.用药期间如果发生低血糖"">急性低血糖，不宜使用蔗糖和麦芽糖，而应该使用葡萄糖纠正低血糖反应。5.合并使用影响糖代谢药物（如糖皮质激素等）者慎用。",,,北京五和博澳药业有限公司【企业名称】北京五和博澳药业有限公司,本品已完成的临床试验尚无70岁以上老年患者的有效性和安全性数据。
medicine,463,桑枝颗粒,SangZhiKeLi,桑枝。,"养阴生津,活血通络。用于阴虚内热，瘀血阻络所致的消渴病。症见：口渴喜饮，五心烦热，肢体麻木或刺痛等，以及Ⅱ型轻、中型糖尿病见上述证候者。有降血糖作用。",中成药>>其他,暂定二年。,国药准字Z19990035,,密封，置阴凉干燥处。,,偶见轻度消化道反应。,饭时开水冲服，一次1袋（3g），一日3次，或遵医嘱。,目前尚无孕妇能否使用本品的试验结论。,复合膜袋。,,,每袋装3g。,,,,定期复查血糖。,,,正大制药(青岛)有限公司【企业名称】正大制药(青岛)有限公司,
medicine,467,沙梅消渴胶囊,ShaMeiXiaoKeJiaoNang,肾茶、牛蒡子、沙参、乌梅、白芍、知母、僵蚕。,彝医依补，拾补，希让诺，握尼依。中医养阴润燥，生津止渴。用于阴虚内热所致的消渴，以及Ⅱ型糖尿病见上述证候者。,中成药>>其他,1.5年。,国药准字Z20025120,,密封。,,,口服，一次2粒，一日3次；饭后服用。,,,,,每粒装0.4g,,,,定期复查血糖。,,,昆明积大制药股份有限公司【企业名称】昆明积大制药股份有限公司,
medicine,468,参花消渴茶,ShenHuaXiaoKeCha,参花消渴成方菟丝子、地骨皮、人参、芦根、天花粉、玉竹、知母、黄芪、红花、葛根、石膏、桔梗、绿茶。,滋阴补肾，益气生津。适用于Ⅱ型糖尿病气阴两虚，肾气不足证，可改善口渴喜饮，多食易饥，倦怠乏力，腰膝酸软，烦热失眠等症状。,中成药>>其他,30 个月,国药准字 B20020426,,密封，防潮。,,,开水泡服，一次 1 袋，一日 1-3 次。,,复合膜袋装。3 克袋。,,,每袋装 3 克。,,,如与其他药物同时使用可能会发生药物相互作用，详情请咨询医师或药师。,"忌烟、酒及高糖饮食。应在医生确诊后使用,第一次使用本品前应咨询医生,治疗期间应定期到医院检查。有心脏病、肝病、肾病等慢性病严重者应在医师指导下服用。孕妇慎用。儿童、哺乳期妇女及年老体弱者应在医师指导下服用。脾虚泄泻及妇女经期慎用,感冒期间不宜服用。严格按照用法用量服用，服药期间如出现其他不适应到医院就诊。对本品过敏者禁用，过敏体质者慎用。儿童必须在成人监护下使用。药品性状发生改变时禁止服用。请将此药品放在儿童不能接触的地方。如正在服用其他药品，使用本品前请咨询医师或药师。",,,辽宁德善药业股份有限公司【企业名称】辽宁德善药业股份有限公司,
medicine,469,参精止渴丸,ShenJingZhiKeWan,参精止渴成方红参、黄芪、黄精、茯苓、白术、葛根、五味子、黄连、大黄、甘草。,益气养阴，生津止渴。用于气阴两亏、内热津伤所致的消渴，症见少气乏力、口干多饮、易饥、形体消瘦；2 型糖尿病见上述证候者。,中成药>>其他,36 个月,国药准字 Z21020756,,密封。,,,口服。一次 10 g，一日 2～3 次。,,镀铝复合膜包装；9 × 10 g/袋盒。,,,每 100 丸重 7g,,,,,,,辽宁中医学院药业有限公司【企业名称】辽宁中医学院药业有限公司【地址】沈阳农业高新区辉山大街148号【省份/国家】辽宁省,
medicine,470,参芪降糖胶囊,ShenQiJiangTangJiaoNang,人参茎叶皂苷、五味子、黄芪、山药、地黄、覆盆子、麦冬、茯苓、天花粉、泽泻、枸杞子。,益气养阴，滋脾补肾。主治消渴症，用于Ⅱ型糖尿病。,中成药>>内科用药>>扶正剂>>益气养阴,24个月,国药准字Z10980085,,密封。,,,口服。一次3粒，一日3次；一个月为一个疗程，效果不显著或治疗前症状较重者，每次用量可达8粒，一日3次。,,铝塑包装。0.35g*12粒*3板/盒。,,,每粒装0.35g。,WS3-060（Z-060）-2002（Z）,,,有实热症者禁用，待实热症退后可服用。,,,五0五药业有限公司【企业名称】五0五药业有限公司,
medicine,471,参芪降糖胶囊,ShenQiJiangTangJiaoNang,人参茎叶皂苷、五味子、黄芪、山药、地黄、覆盆子、麦冬、茯苓、天花粉、泽泻、枸杞子。,益气养阴，滋脾补肾。主治消渴症，用于Ⅱ型糖尿病。,中成药>>内科用药>>扶正剂>>益气养阴,24 个月。,国药准字 Z10970002,,密封。,,,口服，一次 3 粒，一日 3 次；一个月为一个疗程，效果不显著或治疗前症状较重者，每次用量可达 8 粒，一日 3 次。,,高密度聚乙烯固体药用塑料瓶每盒装36粒；,,,每粒装 0.35g,,,,"有实热症者禁用, 待实热症退后可服用。",,,河南羚锐制药股份有限公司【企业名称】河南羚锐制药股份有限公司【地址】河南省新县向阳路232号【邮编】464000【省份/国家】河南省【电话】400 6376016【传真】0376-6601812【主页】www.lingrui.com,
medicine,472,参芪降糖颗粒,ShenQiJiangTangKeLi,参芪降糖成方人参(茎叶)皂苷、五味子、黄芪、山药、地黄、覆盆子、麦冬、茯苓、天花粉、泽泻、枸杞子。,益气养阴，滋脾补肾。主治消渴症，用于Ⅱ型糖尿病。,中成药>>内科用药>>扶正剂>>益气养阴,48 个月,国药准字 Z10950075,,密封，防潮，于阴凉(不超过 20 ℃ )干燥处保存。,鲁南厚普制药有限公司【企业名称】鲁南厚普制药有限公司【地址】山东省临沂市银雀山路239号【邮编】276006【省份/国家】山东省【电话】（0539）8336336（销售部） 8336337（质管部）【传真】（0539）8336029（销售部） 8336338（质管部）【主页】www.LUNAN.com.cn,,口服。一次 1 克，一日 3 次，一个月为一个疗程。效果不显著或治疗前症状较重者，每次用量可达 3 克，一日 3 次。,,铝塑复合袋。10 袋盒，21 袋盒。,,,每袋重 3 克,国家食品药品监督管理局药品标准YBZ14962009,,,"有实热症者禁用, 待实热症退后可以用。",,,鲁南厚普制药有限公司【企业名称】鲁南厚普制药有限公司【地址】山东省临沂市银雀山路239号【邮编】276006【省份/国家】山东省【电话】（0539）8336336（销售部） 8336337（质管部）【传真】（0539）8336029（销售部） 8336338（质管部）【主页】www.LUNAN.com.cn,
medicine,473,参芪降糖片,ShenQiJiangTangPian,人参茎叶总皂苷、黄芪、地黄、山药、天花粉、覆盆子、麦冬、五味子、枸杞、泽泻、茯苓。,益气滋阴补肾。主治气阴不足肾虚消渴，用于2型糖尿病。,中成药>>内科用药>>扶正剂>>益气养阴,36个月,国药准字 Z10920045,,密封。,,,口服。一次3片，一日3次，一个月为一个疗程，效果不显著或治疗前症状较重者，每次用量可达8片，一日3次。,实热证者禁用。,塑料瓶装，每瓶45片。,,,每片重0.35g,,,,,,,广东万年青制药股份有限公司【企业名称】广东万年青制药股份有限公司【地址】广东省汕头市金园工业城潮阳路16片区08号,
medicine,474,参芪消渴颗粒,ShenQiXiaoKeKeLi,人参、黄芪、山药、白术、五味子、麦冬、玉竹、熟地黄、牛膝、茯苓、泽泻、牛蒡子、僵蚕。,益气养阴。用于消渴症的口渴、多饮、多尿，精神不振，头昏(2 型糖尿病)。,中成药>>内科用药>>扶正剂>>益气养阴,18 个月,国药准字 Z20093022,,密封。,,,开水冲服。一次 1～2 袋，一日 3 次。,,铝塑复合膜袋。10 袋盒。,,,12g,,,,,,,安徽仁和药业有限公司【企业名称】安徽仁和药业有限公司【地址】阜阳经济技术开发区新阳大道27号【省份/国家】安徽省,
medicine,475,参芪消渴颗粒,ShenQiXiaoKeKeLi,人参、黄芪、白术、山药、玉竹、熟地黄、麦冬、牛膝、茯苓、泽泻等13味。,益气养阴。用于消渴症的口渴、多饮、多尿，精神不振，头昏（Ⅱ型糖尿病）。,中成药>>内科用药>>扶正剂>>益气养阴,暂定1.5年,,,密封。,,,开水冲服，一次1～2袋，一日3次。,,药用复合膜袋。12袋/盒。,,,每袋装12g,,,,,,,西安灵丹制药有限责任公司【企业名称】西安灵丹制药有限责任公司【地址】西安市高新路33号新汇大厦A座1001号【邮编】710075【省份/国家】陕西省【电话】029-88322286【传真】029-88326938【主页】www.lingdan618.com,
medicine,476,参芪消渴颗粒,ShenQiXiaoKeKeLi,人参、黄芪、白术、山药、玉竹、熟地黄、麦冬、牛膝、茯苓、泽泻、五味子、牛蒡子、僵蚕。,益气养阴。用于消渴症的口渴、多饮、多尿，精神不振，头昏(Ⅱ型糖尿病)。,中成药>>内科用药>>扶正剂>>益气养阴,暂定 1.5 年。,国药准字 Z20063428,,密封。,,,开水冲服。一次 1～2 袋，一日 3 次。,,复合膜。10 袋盒。,,,12g,,,,,,,陕西诚信制药有限公司【企业名称】陕西诚信制药有限公司【地址】渭南市澄城县县城西关庙后二巷29号【省份/国家】陕西省,
medicine,477,参芪消渴颗粒,ShenQiXiaoKeKeLi,人参、黄芪、白术、山药、玉竹、熟地黄、麦冬、牛膝、茯苓、泽泻等13味。,益气养阴。用于消渴症的口渴、多饮、多尿，精神不振，头昏（2型糖尿病）,中成药>>内科用药>>扶正剂>>益气养阴,一年半,,,密封。,,,开水冲服，一次1~2袋，一日3次。,,药用铝塑复合袋，每盒装10袋。,,,每袋装12g,,,,,,,鸿宇集团大连药业股份有限公司【企业名称】鸿宇集团大连药业股份有限公司【地址】大连市高新园区双D港生命2路39号【省份/国家】辽宁省,
medicine,480,十八味诃子利尿丸,ShiBaWeiHeZiLiNiaoWan,诃子、红花、豆蔻、渣驯膏、山矾叶、紫草茸、藏茜草、余甘子、姜黄、小檗皮、蒺藜、金礞石、刺柏膏、小伞虎耳草、巴夏嘎、刀豆、熊胆粉、人工牛黄。,益肾固精，利尿。用于肾病，腰肾疼痛，尿频，小便混浊，糖尿病，遗精。,中成药>>其他,48 个月,国药准字 Z20043806,,密闭，置阴凉干燥处(不超过 20 ℃ ),,,一次 2-3 丸，一日 2 次。,,铝塑板;6 丸板 × 2 板盒,,,每丸重 0.5 g.,,,,,,,甘肃佛阁藏药有限公司【企业名称】甘肃佛阁藏药有限公司【地址】甘肃省合作市人民西街398号【省份/国家】甘肃省,
medicine,481,十八味诃子利尿丸,ShiBaWeiHeZiLiNiaoWan,诃子（去核）、红花、豆蔻、渣驯膏、山矾叶、紫草茸、藏茜草、余甘子、姜黄、小檗皮、蒺藜、金礞石、刺柏膏、小伞虎耳草、巴夏嘎、刀豆、熊胆、人工牛黄。,益肾固精，利尿。用于肾病，腰肾疼痛，尿频、小便混浊，糖尿病，遗精。,中成药>>其他,42 个月。,国药准字 Z54020076,,密闭，置阴凉干燥处。,,,口服。一次 2-3 丸，一日 2 次，研碎后服用。,,PVC 板。12 丸盒。,,,每丸重 0.5 克。,,,,,,,西藏甘露藏药股份有限公司【企业名称】西藏甘露藏药股份有限公司,
medicine,482,十八味诃子利尿丸,ShiBaWeiHeZiLiNiaoWan,诃子、红花、豆蔻、渣驯膏、山矾叶、紫草茸、藏茜草、余甘子、姜黄、小檗皮、蒺藜、金礞石、刺柏膏、小伞虎耳草、巴夏嘎、刀豆、人工熊胆、人工牛黄。,益肾固精，利尿。用于肾病、腰肾疼痛，尿频，小便混浊，糖尿病，遗精。,中成药>>其他,48 个月。,国药准字 Z63020254,,密闭，置阴凉干燥处。,,,口服。一次 2-3 丸，一日 2 次。,,固体药用塑料球壳  0.5 g × 3 丸 × 10 塑盒盒；,,,每丸重 0.5 g。,,,,,,,青海柴达木高科技药业有限公司【企业名称】青海柴达木高科技药业有限公司【地址】青海省德令哈市德新西路2号【省份/国家】青海省,
medicine,483,十味玉泉胶囊,ShiWeiYuQuanJiaoNang,天花粉、葛根、麦冬、人参、黄芪、地黄、五味子、甘草、乌梅、茯苓。,益气养阴，清热生津。用于气阴两虚之消渴病。症见：气短乏力，口渴喜饮，易饥烦热。可作为Ⅱ型糖尿病辅助治疗药。,中成药>>内科用药>>扶正剂>>益气养阴,36个月。,国药准字Z20020091,,密封。,河北华仁堂药业有限公司【企业名称】河北华仁堂药业有限公司【地址】河北省赤城工业开发区【省份/国家】河北省,个别病人用药后出现胃部不适，恶心，停药后可缓解。,口服。一次4粒，一日4次。,,铝塑板，每板12粒，每盒4板。,,,每粒装0.5克。,部颁新药标准转正第十五册，标准号-WS3-213(Z-036)-97(Z)。,,,,,,保定中药制药股份有限公司【企业名称】保定中药制药股份有限公司,
medicine,484,十味玉泉片,ShiWeiYuQuanPian,人参、麦冬、五味子、天花粉、地黄、黄芪、乌梅、葛根、茯苓、甘草。,生津止渴，清热除烦，养阴益气。主治气阴不足，口渴多饮，消食善饥，糖尿病属上述证候者。,中成药>>内科用药>>扶正剂>>益气养阴,24 个月,国药准字 Z20053914,,密封。置阴凉干燥处。,,,口服。一次 4 片，一日 4 次,,铝塑板。4 × 12 片/板/盒。,,,每片重 0.65g,国家药品标准：WS3-B-3173-98-2,,,,,中成药疗效及安全性未经循证医学验证，请遵医嘱谨慎使用。,陕西华西制药股份有限公司【企业名称】陕西华西制药股份有限公司【地址】宝鸡高新技术产业开发区高新大道56号【省份/国家】陕西省【主页】http://www.bjhuaxi.com,
medicine,485,双丹明目胶囊,ShuangDanMingMuJiaoNang,女贞子、墨旱莲等。,益肾养肝、活血明目。用于11型糖尿病视网膜病变单纯型，中医辨证属于肝肾阴虚、瘀血阻络证、症见视物模糊、双目干涩、头晕耳鸣、咽干口燥、五心烦热、腰膝酸软等。,中成药>>其他,18个月,国药准字Z20080062,,密封，阴凉干燥处,北京岐黄制药有限公司【企业名称】北京岐黄制药有限公司【地址】北京市平谷区平谷镇平谷南街17号【邮编】101200【省份/国家】北京【电话】010-65301728【传真】010-65934424,,口服。一次4粒，一日3次，饭后温开水送服。疗程四个月。,,每粒装0.5g,,,每粒装0.5g,,,如与其他药物同时使用可能会发生药物相互作用，详情请咨询医师或药师。,,,,北京岐黄制药有限公司【企业名称】北京岐黄制药有限公司【地址】北京市平谷区平谷镇平谷南街17号【邮编】101200【省份/国家】北京【电话】010-65301728【传真】010-65934424,
medicine,486,双瓜糖安胶囊,ShuangGuaTangAnJiaoNang,苦瓜干、南瓜干、黄芪、山药、猪胰，辅料：山梨酸钾、滑石粉。,清热生津，益气养阴。用于气阴两虚证糖尿病的辅助治疗，可改善口渴喜饮，多食易饥，小便量多，形体消瘦，倦怠乏力等症状。,中成药>>其他,24个月,国药准字B20020859,,密封，置干燥处,,,口服，一次2粒，一日3次，连服一个月。,,镀铝，12粒×2板/盒,,,每粒装0.5克,,,如与其他药物同时使用可能会发生药物相互作用，详情请咨询医师或药师。,1．忌烟、酒及高糖饮食。2．有心脏病、肝病、肾病等慢性病严重者应在医师指导下服用。3.　肠鸣腹泻患者及感冒期间慎用。4.　儿童、孕妇、哺乳期妇女及年老体弱者应在医师指导下服用。5.　本品仅为糖尿病的辅助治疗药品，第一次使用本品前应咨询医生。6.　服药期间如出现其他不适应到医院就诊。7.　治疗期间应定期到医院进行检查。8．对本品过敏者禁用，过敏体质者慎用。9.　儿童必须在成人监护下使用。10．本品性状发生改变时禁止使用。11．请将本品放在儿童不能接触的地方。12．如正在使用其他药品，使用本品前请咨询医师或药师。,,,广西桂西制药有限公司【企业名称】广西桂西制药有限公司【地址】广西南宁市高新区工业园科德路4号【省份/国家】广西省,
medicine,505,糖乐胶囊,TangLeJiaoNang,天花粉、山药、地黄、红参须、黄芪、枸杞、茯苓、知母、泽泻、丹皮、山茱萸、麦芽。,滋阴补肾，益气润肺，生津消渴。用于糖尿病引起的多食.多饮、多尿、神疲乏力、四肢酸软等症。,中成药>>其他,1.5年。,国药准字Z20025227,,密封。,,,口服，一次4粒，一日3次。,孕妇忌服。,,,,每粒装0.3g,,,,定期复查血糖。,,,吉林省德商药业股份有限公司【企业名称】吉林省德商药业股份有限公司【地址】辉南县朝阳镇爱国街28号【邮编】135100【省份/国家】吉林省【电话】0435-8212345 8212479【传真】0435-8235535 8223465【主页】www.jlttyy.com,
medicine,506,糖乐片,TangLePian,天花粉、山药、地黄、红参须、黄芪、枸杞子、茯苓、知母、泽泻、牡丹皮、山茱萸、麦芽。,滋阴补肾，益气润肺，生津消渴。用于糖尿病引起的多食、多饮、多尿、神疲乏力、四肢酸软等症。,中成药>>其他,24个月,国药准字Z20090457,,密封，置阴凉处。,,,口服。每次4片，一日3次。,,,,未进行该项研究且暂无可靠文献参考。,每片重0.4g,,,未进行该项研究且暂无可靠文献参考。,,,请仔细阅读药品说明书并按说明书使用或在医师指导下购买和使用,黑龙江天翼药业有限公司【企业名称】黑龙江天翼药业有限公司,
medicine,507,糖脉康胶囊,TangMaiKangJiaoNang,黄芪、地黄、赤芍、丹参、牛膝、麦冬、黄精、葛根、桑叶、黄连、淫羊藿。,养阴清热，活血化瘀，益气固肾。用于气阴两虚血瘀所致的口渴喜饮，倦怠乏力，气短懒言，自汗，盗汗，五心烦热，胸中闷痛，肢体麻木或刺痛，便秘；糖尿病Ⅱ型及并发症见上述症候者。,中成药>>内科用药>>扶正剂>>益气养阴,24个月,,,,,,口服，一日3次，一次3-5粒，饭后半小时服用，儿童酌减（遵医嘱）。,孕妇禁服。,,,,每粒装0.5g,,,如与其他药物同时使用可能会发生药物相互作用，详情请咨询医师或药师。,忌酒，忌食辛辣刺激性食物。孕妇禁服。,,,四川宝鉴堂药业有限公司【企业名称】四川宝鉴堂药业有限公司,
medicine,508,糖脉康颗粒,TangMaiKangKeLi,黄芪、生地黄、赤芍、丹参、牛膝、麦冬、黄精等。,养阴清热，活血化瘀，益气固肾。用于气阴两虚血瘀所致的口渴喜饮，倦怠乏力，气短懒言，自汗，盗汗，五心烦热，胸中闷痛，肢体麻木或刺痛，便秘；糖尿病Ⅱ型及并发症见上述症状者。,中成药>>内科用药>>扶正剂>>益气养阴,24个月,国药准字Z10970026,,密封。,成都倍特得诺药业有限公司【企业名称】成都倍特得诺药业有限公司,,口服。一次1袋，一日3次。,,药品包装用复合膜。10袋/盒。,,,每袋装5g,国家药品标准 WS3-253(Z-243)-2000(Z),,,孕妇慎服或遵医嘱。,,,成都倍特得诺药业有限公司【企业名称】成都倍特得诺药业有限公司,
medicine,509,糖脉康片,TangMaiKangPian,黄芪、地黄、赤芍、丹参、牛膝、麦冬、葛根、桑叶、黄连、黄精、淫羊藿。,养阴清热，活血化瘀，益气固肾。用于气阴两虚血瘀所致的口渴喜饮、倦怠乏力、气短懒言、自汗、盗汗、五心烦热、胸中闷痛、肢体麻木或刺痛、便秘、糖尿病2型及并发症见上述症候者。,中成药>>内科用药>>扶正剂>>益气养阴,24个月。,国药准字Z20090576,,密封（10～30℃）,,,口服。一次5片，一日3次。,,口服固体药用高密度聚乙烯瓶。60片、瓶。1瓶/盒；90片/瓶，1瓶/盒。,,,每片重0.6g,《中国药典》2015年版一部,,,孕妇慎服或遵医嘱。,,,四川宝鉴堂药业有限公司【企业名称】四川宝鉴堂药业有限公司,
medicine,510,糖尿灵片,TangNiaoLingPian,生地黄、天花粉、葛根、麦冬、五味子、南瓜粉、甘草、糯米(炒黄）。,养阴滋肾，生津止渴，清热除烦，降低尿糖。用于轻中型糖尿病。,中成药>>其他,36 个月。,国药准字 Z20013034,,密封。,,,口服，一次 4~6 片，一日 3 次。,,塑料瓶装，每瓶装 100 片。,,,每片重 0.3 g。,,,,忌食糖类食物。,,,宁波立华制药有限公司【企业名称】宁波立华制药有限公司【地址】宁波市高桥工业园区【邮编】315174【省份/国家】浙江省【电话】0574-88046999【传真】0574-88046000【主页】http://www.lansen.com.cn,
medicine,511,糖尿灵片,TangNiaoLingPian,天花粉、葛根、生地黄、麦冬、五味子、甘草、糯米(炒黄)、南瓜粉。,"养阴滋肾，生津止渴,清热除烦,降低尿糖。用于轻中型糖尿病。",中成药>>其他,36 个月。,国药准字 Z14020593,,密封。,,,口服，一次 4～6 片，一日 3 次。,,铝塑12 片 × 3 板,,,每片重 0.3g,,,,忌食糖类食物。,,,山西仁源堂药业有限公司【企业名称】山西仁源堂药业有限公司【地址】山西省太原市杏花岭区仁源路188号【省份/国家】山西省,
medicine,512,糖尿灵片,TangNiaoLingPian,天花粉，葛根，生地黄，麦冬，五味子，甘草，糯米(炒黄)，南瓜粉。,养阴滋肾，生津止渴，清热除烦，降低尿糖用于轻中型糖尿病。,中成药>>其他,24  月,国药准字Z20003107,,密封，置阴凉处。,江西康恩贝天施康药业有限公司【企业名称】江西康恩贝天施康药业有限公司,,口服，一次4～6片，一日3次。,,12s*5板/盒。,,,12s*5板,,,如与其他药物同时使用可能会发生药物相互作用，详情其咨询医师或药师。,忌食糖类食物。,,,江西康恩贝天施康药业有限公司【企业名称】江西康恩贝天施康药业有限公司,
medicine,513,糖维胶囊,TangWeiJiaoNang,黄芪、西洋参、黄精、天花粉、葛根、黄连、丹参、格列本脲。,益气养阴，化瘀降糖。用于气阴两虚夹瘀型2型糖尿病，症见倦怠乏力，自汗，口渴喜饮，心烦，溲赤，舌暗或有瘀斑，舌干少津，苔薄或花剥，脉细数。,中成药>>其他,24  月,国药准字Z20010173,,密封。,河北唐威药业有限公司【企业名称】河北唐威药业有限公司,偶有轻微胃肠不适。,餐前30分钟口服，轻型一次3粒，中、重型一次5粒，一日3次。或遵医嘱。,严重肾功能不全、糖尿病伴酮症酸中毒、昏迷、胰岛素依赖型糖尿病患者及孕妇禁用。,铝塑包装，每盒装3板，每板装20粒。,,,0.5g,,,如与其他药物同时使用可能会发生药物相互作用，详情请咨询医师或药师。,用药期间请注意监测血糖，并根据血糖调整用量。,,,河北唐威药业有限公司【企业名称】河北唐威药业有限公司,
medicine,520,天芪降糖胶囊,TianQiJiangTangJiaoNang,黄芪、天花粉、女贞子、石斛、人参、地骨皮、黄连（酒蒸）、山茱萸、墨旱莲、五倍子。,益气养阴、清热生津。用于2型糖尿病气阴两虚证，症见：倦怠乏力，口渴喜饮，五心烦热，自汗，盗汗，气短懒言，心悸失眠。,中成药>>内科用药>>扶正剂>>益气养阴,36个月。,国药准字Z20063799,,密闭，防潮。,黑龙江未名天人制药有限公司【企业名称】黑龙江未名天人制药有限公司,偶见胃脘不适。,口服。一次5粒，一日3次，8周为一疗程，或遵医嘱。,孕妇禁服。,铝塑包装，每盒45粒。,,,每粒装0.32g。,WS3-666(Z-186)-2008Z,,,定期复查血糖。,,,黑龙江未名天人制药有限公司【企业名称】黑龙江未名天人制药有限公司,
medicine,521,通脉降糖胶囊,TongMaiJiangTangJiaoNang,太子参、丹参、黄连、黄芪、绞股蓝、山药、苍术、玄参、水蛭、冬葵果?葛根。,养阴清热，清热活血。用于气阴两虚，脉络瘀阻所致的消渴病（糖尿病），证见：神疲乏力，肢麻疼痛，头晕耳鸣，自汗等?,中成药>>其他,18个月,国药准字 Z20026853,,密封?,保定天浩制药有限公司【企业名称】保定天浩制药有限公司,,口服。一次3粒，一日3次。,,铝塑板装，20粒板×3板盒?,,,每粒装0.4g,,,,,,,保定天浩制药有限公司【企业名称】保定天浩制药有限公司,
medicine,526,五黄养阴颗粒,WuHuangYangYinKeLi,黄连、红芪、地黄、姜黄、黄芩。,燥湿化痰、益气养阴。用于消渴病属痰湿内滞、气阴两虚症，症见口渴喜饮，多食善饥，尿频尿多，头身困重，呕恶痰涎，倦怠乏力，气短懒言，白汗盗汗，心悸失眠，体形肥胖，咽燥口干，心烦畏热，溲赤便秘等。(主要用于二型糖尿病的辅助治疗，起到降糖降脂的作用）,中成药>>其他,24 月,国药准字Z20120014,,密封。,重庆神奇药业股份有限公司【企业名称】重庆神奇药业股份有限公司,个别患者偶见口苦，胃痛，腹泻。,开水冲服。一次一袋，一日三次，疗程8周。,,每盒装18袋。,,,6g,,,,1.服药期间定期检测血糖、肝、肾功能。2.合理膳食和适度锻炼身体.3.对本品过敏或过敏体质者慎用。4.尚无研究数据支持本品可用于孕妇、哺乳期妇女，以及糖尿病痛症酸中毒及严重感染者。5.本品研究期间曾与磺脲类（格列本脲、格列齐特、格列吡嗪、格列喹酮格列美脲）、双胍类（盐酸二甲双胍）降糖等西药合用。6.有心血管病史及其疾病者服药期间定期检测相关指标。,,,重庆神奇药业股份有限公司【企业名称】重庆神奇药业股份有限公司,
medicine,535,消渴降糖胶囊,XiaoKeJiangTangJiaoNang,消渴降糖成方(番石榴叶)番石榴叶。,生津止渴，甘平养胃，涩敛固阴。用于多饮，多尿，多食，消瘦体倦无力，尿糖及血糖升高之消渴症；轻度及中度成年型糖尿病。,中成药>>其他,36 个月,国药准字 Z20063378,,密封。,通化长城药业股份有限公司【企业名称】通化长城药业股份有限公司【地址】通化市玉泉路1166号【省份/国家】吉林省,,口服。一次 3-5 粒，一日 3 次。,忌饮酒；肝肾功能不全者、糖尿病并发酸中毒症和急性感染者禁用。,铝塑泡罩包装，12 粒板*4 板盒。,,,每粒装 0.3 g（相当于原药材 3 g）。,,,,,,,,
medicine,536,消渴降糖胶囊,XiaoKeJiangTangJiaoNang,番石榴叶。,生津止渴，甘平养胃，涩敛固阴。用于多饮，多尿，多食，消瘦，体倦无力，尿糖及血糖升高之消渴症；轻度及中度成年型糖尿病。,中成药>>其他,18 个月,国药准字 Z20093083,,密封。,,,口服.一次 3～5 粒，一日３次。,忌饮酒。肝肾功能不全者、糖尿病并发酸中毒症和急性感染者禁用。,铝塑包装，每盒装 24 粒（36）粒。,,,每盒装 0.3 g（相当于原药材 3 g）,,,,,,,哈尔滨一洲制药有限公司【企业名称】哈尔滨一洲制药有限公司【地址】哈尔滨市香坊区学府路408号【邮编】150086【省份/国家】黑龙江【电话】0451-86624550全国免费咨询电话：800-8986650【传真】0451-86696388【主页】www.yuanda-group.com,
medicine,537,消渴降糖胶囊,XiaoKeJiangTangJiaoNang,番石榴叶。,生津止渴，甘平养胃，涩敛固阴。用于多饮，多尿，多食，消瘦，体倦无力，尿糖及血糖升高之消渴症；轻度及中度成年型糖尿病。,中成药>>其他,暂定一年半,,,密封。,,,口服，一次3～5粒，一日3次。,,（1）塑料瓶装。每瓶装36粒。（2）泡罩包装。每板装12粒。,,,每粒装0.3g（相当于原药材3g）,,,,忌饮酒；肝肾功能不全者、糖尿病并发酸中毒症和急性感染者禁用。,,,桂林三金药业股份有限公司【企业名称】桂林三金药业股份有限公司【地址】桂林市金星路1号【邮编】541004【省份/国家】广西省【电话】0773-5815858【传真】0773-5812416【主页】www.sanjin.com.cn,
medicine,538,消渴降糖胶囊,XiaoKeJiangTangJiaoNang,消渴降糖成方(番石榴叶)番石榴叶,生津止渴，甘平养胃，涩敛固阴。用于多饮，多尿，多食，消瘦，体倦无力，尿糖及血糖升高之消渴症；轻度及中度成年型糖尿病。,中成药>>其他,暂定 18 个月,国药准字 Z20053930,,密封。,海外制药(镇赉)有限公司【企业名称】海外制药(镇赉)有限公司,,口服，一次 3～5 粒，一日 3 次。,忌饮酒；肝肾功能不全者、糖尿病并发酸中毒症和急性感染者禁用。,铝塑板包装，12 粒 × 2 板盒。,,,每粒装 0.3 g（相当于原药材 3 g）,,,,,,,海外制药(镇赉)有限公司【企业名称】海外制药(镇赉)有限公司,
medicine,539,消渴降糖胶囊,XiaoKeJiangTangJiaoNang,番石榴叶,生津止渴，甘平养胃。用于多饮，多尿，多食，消瘦，体倦无力，尿糖及血糖升高之消渴症；轻度及中度成年型糖尿病。,中成药>>其他,暂定18个月,国药准字Z20063824,,密封。,,,口服。一次3～5粒，一日3次。,1、忌饮酒。  2、肝肾功能不全者、糖尿病并发酸中毒症和急性感染者禁用。,铝塑、纸盒包装，24粒盒,,,每粒装0.3g（相当于原药材3g）,,,,,,,贵州奥特药业有限公司【企业名称】贵州奥特药业有限公司【地址】贵州省凯里市环城西路92号【省份/国家】贵州省,
medicine,540,消渴降糖胶囊,XiaoKeJiangTangJiaoNang,番石榴叶。,生津止渴，甘平养胃，涩敛固阴。用于多饮，多尿，多食，消瘦，体倦无力，尿糖及血糖升高之消渴症；轻度及中度成年型糖尿病。,中成药>>其他,18 个月,国药准字 Z20083260,,密封。,,,口服。一次 3～5 粒，一日 3 次。,,药品包装用铝箔、聚氯乙烯固体药用硬片包装，2 × 12 粒板/盒。,,,每粒装 0.3 g（相当于原药材 3 g）,,,,忌烟酒；肝肾功能不全者、糖尿病并发酸中毒症和急性感染者禁用。,,,陕西步长制药有限公司【企业名称】陕西步长制药有限公司【地址】陕西省咸阳市渭阳西路西延段123号【邮编】712000【省份/国家】陕西省【电话】（029）33314300【传真】（029）33314350【电子邮件】kyb@buchang.com【主页】www.buchang.com【说明】（原咸阳步长制药有限公司）,
medicine,541,消渴降糖胶囊,XiaoKeJiangTangJiaoNang,番石榴叶。,"生津止渴，甘平养胃，涩敛固阴。用于多饮，多尿，多食,消瘦,体倦无力，尿糖及血糖升高之消渴症；轻度及中度成年型糖尿病。",中成药>>其他,18 个月。,国药准字 Z20093605,,密封，置阴凉干燥处。,陕西立众制药有限公司【企业名称】陕西立众制药有限公司,,口服，一次 3～5 粒，一日３次。,,12 粒板 × 2 板盒 × 240 盒件,,,0.3 g/粒,,,如与其他药物同时使用可能会发生药物相互作用，请详细咨询医师或药师。,忌饮酒。肝肾功能不全者、糖尿病并发酸中毒症和急性感染者禁用。,,,陕西立众制药有限公司【企业名称】陕西立众制药有限公司,
medicine,542,消渴降糖片,XiaoKeJiangTangPian,蔗鸡、黄精（制）、甜叶菊、桑椹、山药、天花粉、红参。,清热生津，益气养阴。用于糖尿病。,中成药>>其他,36个月,国药准字Z22023699,,密封。,北京亚东生物制药有限公司【企业名称】北京亚东生物制药有限公司【地址】北京市昌平区科技园区富康路16号【邮编】102200【省份/国家】北京【电话】010-82883298   400-6100-238投诉电话：010-51655858【传真】010-82884004【主页】www.bjyadong.com,,口服。一次6片，一日3次。,,铝塑包装，12片/板。,,,每片重0.41g。,《中华人民共和国卫生部药品标准》中药成方制剂第九册WS3-B-1816-94,,,,北京市中关村科技园区昌平园超前路37号,,北京亚东生物制药有限公司【企业名称】北京亚东生物制药有限公司【地址】北京市昌平区科技园区富康路16号【邮编】102200【省份/国家】北京【电话】010-82883298   400-6100-238投诉电话：010-51655858【传真】010-82884004【主页】www.bjyadong.com,
medicine,543,消渴降糖片,XiaoKeJiangTangPian,消渴降糖成方(黄精)蔗鸡、黄精（制）、甜叶菊、桑椹、山药、天花粉、红参。,清热生津，益气养阴。用于糖尿病。,中成药>>其他,36 个月,国药准字 Z22021679,,密封。,,,口服，一次 6 片，一日 3 次。,,铝塑包装；12 片板 × 4 板盒。,,,每片重 0.41g,,,,,,,吉林万通药业集团梅河药业股份有限公司【企业名称】吉林万通药业集团梅河药业股份有限公司【地址】吉林省梅河口市万通路666号【邮编】135027【省份/国家】吉林省【电话】0435-4893001【传真】0435-4891299,
medicine,544,消渴降糖片,XiaoKeJiangTangPian,蔗鸡、黄精（制）、甜叶菊、桑椹、山药、天花粉、红参。,清热生津，益气养阴。用于糖尿病。,中成药>>其他,36 个月。,国药准字 Z22022711,,密封。,,,口服，一次 6 片，一日 3 次。,,药用铝塑包装，16 片板 × 2 板盒。,,,每片重 0.41g,,,,,,,吉林省俊宏药业有限公司【企业名称】吉林省俊宏药业有限公司【地址】吉林省辉南县朝阳镇俊宏路9号【省份/国家】吉林省,
medicine,545,消渴降糖片,XiaoKeJiangTangPian,蔗鸡、黄精（制）、甜叶菊、桑椹、山药、天花粉、红参。,清热生津，益气养阴。用于糖尿病。,中成药>>其他,36 个月,国药准字 Z22020155,,密封。,,,口服，一次 6 片，一日 3 次。,,口服固体药用塑料瓶包装，100 片 × 1 瓶盒。,,,每片重 0.41g,,,,,,,吉林紫鑫药业股份有限公司【企业名称】吉林紫鑫药业股份有限公司【地址】吉林省柳河县英利路88号【邮编】135300【省份/国家】吉林省【电话】0435-7210408【传真】0435-7210428【主页】http://www.jilinzixin.com.cn,
medicine,546,消渴降糖片,XiaoKeJiangTangPian,蔗鸡、黄精（制）、甜叶菊、桑椹、山药、关乾粉、红参。,清热生津，益气养阴。用于糖尿病。,中成药>>其他,暂定 18 个月。,国药准字 Z20054556,,密封。,,,口服，一次 6 片，一日 3 次。,,药用 PVC 硬片，药品包装用 PTP 铝箔；12 片 X3 板盒,,,每片重 0.41g,,,,,,,吉林金宝药业股份有限公司【企业名称】吉林金宝药业股份有限公司【地址】梅河口市环城北路6号【省份/国家】吉林省,
medicine,547,消渴降糖片,XiaoKeJiangTangPian,消渴降糖成方(黄精)蔗鸡、黄精（制）、甜叶菊、桑椹、山药、天花粉、红参。,清热生津，益气养阴。用于糖尿病。,中成药>>其他,36 个月,国药准字 Z22021890,,密封。,长春新宇制药有限公司【企业名称】长春新宇制药有限公司【地址】长春市北海路22号【省份/国家】吉林省,,口服，一次 6 片，一日 3 次。,,药用铝塑包装，15 片板 × 3 板盒。,,,每片重 0.41 g。,,,,,,,长春新宇制药有限公司【企业名称】长春新宇制药有限公司【地址】长春市北海路22号【省份/国家】吉林省,
medicine,548,消渴康颗粒,XiaoKeKangKeLi,石膏、知母、生地黄、麦冬、天花粉、玉竹、玄参、牛膝、丹参、泽泻、党参、山茱萸、枇杷叶、南五味子。,清热养阴，生津止渴。用于Ⅱ型糖尿病阴虚热盛型。症见：口渴喜饮，消谷易饥，小便频数，急躁易怒，怕热心烦，大便干结等。,中成药>>其他,24个月,国药准字Z20020045,,密闭，防潮，避光。,,,餐前温开水送服。一次1袋，一日3次。30天为一疗程。,孕妇忌服。,铝箔袋；9克×9袋/盒。,,,每袋重9克。,国家药品标准（新药试行标准转正式标）WS3-115（Z-023-2004（Z））,,,定期复查血糖。,,,陕西爱民药业股份有限公司【企业名称】陕西爱民药业股份有限公司【地址】陕西省西安市东高新开发区火炬路18号【邮编】710043【省份/国家】陕西省【电话】（029）82511888【传真】（029）82531731【电子邮件】offce@sxaimin.cn【主页】http://www.sxaimin.cn,
medicine,549,消渴灵胶囊,XiaoKeLingJiaoNang,地黄、五味子、麦冬、牡丹皮、黄芪、黄连、枸杞子、红参、茯苓、石膏、天花粉。,滋补肾阴，生津止渴，益气降糖。用于成年非胰岛素依赖性轻型、中型糖尿病。,中成药>>其他,30个月,国药准字Z20043762,,密封。,,,口服，一次8粒，一日3次。,孕妇忌服。,铝塑包装，12粒×6板。,,,每粒装0.35g,国家食品药品监督管理局标准YBZ09382004,,,忌食辛辣。,,,吉林敖东力源药业股份有限公司【企业名称】吉林敖东力源药业股份有限公司【地址】敦化市北山路1号【邮编】133700【省份/国家】吉林省【电话】0433-6225140（销售行政部）0433-6249214（质量咨询）【传真】0433-6230844,
medicine,550,消渴灵片[药典],XiaoKeLingPian,地黄、五味子、麦冬、牡丹皮、黄芪、黄连、茯苓、红参、天花粉、石膏、枸杞子。,益气养阴，清热泻火，生津止渴。用于气阴两虚所致的消渴病，症见多饮、多食、多尿、消瘦、气短乏力；2型轻型、中型糖尿病见上述证候者。,中成药>>其他,36个月,国药准字Z22022947,,密封。,北京亚东生物制药有限公司【企业名称】北京亚东生物制药有限公司【地址】北京市昌平区科技园区富康路16号【邮编】102200【省份/国家】北京【电话】010-82883298   400-6100-238投诉电话：010-51655858【传真】010-82884004【主页】www.bjyadong.com,,口服。一次8片，一日3次。,,铝塑包装，12片/板。,,,每片重0.36g。,《中国药典》2005年版一部,,,孕妇忌服，忌食辛辣。,,,,
medicine,551,消渴灵片[药典],XiaoKeLingPian,地黄、五味子、麦冬、牡丹皮、黄芪、黄连、茯苓、红参、天花粉、石膏、枸杞子。,益气养阴，清热泻火，生津止渴。用于气阴两虚所致的消渴病，症见多饮、多食、多尿、消瘦、气短乏力;2型轻型、中型糖尿病见上述证候者。,中成药>>其他,暂定18个月,国药准字Z20054094,,密封。,石家庄以岭药业股份有限公司【企业名称】石家庄以岭药业股份有限公司【地址】河北省石家庄高新技术开发区天山大街238号【邮编】050035【省份/国家】河北省【电话】800-8038581 （0311）85901719【传真】（0311）85901719【主页】www.yiling.cn,,口服。一次8片，一日3次。,孕妇忌服。,塑料瓶装。每瓶48片。,,,每片重0.36g,国家食品药品监督管理局标准YBZ09882005,,,忌食辛辣。,,,,
medicine,552,消渴灵片[药典],XiaoKeLingPian,地黄、五味子、麦冬、牡丹皮、黄芪、黄连、茯苓、红参、天花粉、石膏、枸杞子。,益气养阴，清热泻火，生津止渴。用于气阴两虚所致的消渴病，症见多饮、多食、多尿、消瘦、气短乏力；2型轻型、中型糖尿病见上述证候者。,中成药>>其他,暂定24个月,国药准字Z20043378,,密封。,北京宝树堂科技药业有限公司【企业名称】北京宝树堂科技药业有限公司【地址】北京市昌平区沙河镇小寨【邮编】102206【省份/国家】北京【电话】400-8988816【传真】010-80761925【主页】http://www.baoshutang.com.,,口服。一次8片，一日3次。,孕妇忌服，忌食辛辣。,塑料瓶，每瓶150片。,,,每片重0.45g。,《中国药典》2010年版一部,,,孕妇忌服，忌食辛辣。,,,北京宝树堂科技药业有限公司【企业名称】北京宝树堂科技药业有限公司【地址】北京市昌平区沙河镇小寨【邮编】102206【省份/国家】北京【电话】400-8988816【传真】010-80761925【主页】http://www.baoshutang.com.,
medicine,553,消渴灵片[药典],XiaoKeLingPian,消渴灵成方地黄、五味子、麦冬、牡丹皮、黄芪、黄连、茯苓、红参、天花粉、石膏、枸杞子。,滋补肾阴，生津止渴，益气降糖。用于成年非胰岛素依赖性轻型、中型糖尿病。,中成药>>其他,暂定 18 个月,国药准字 Z22021002,,密封。,海外制药(镇赉)有限公司【企业名称】海外制药(镇赉)有限公司,,口服。一次 8 片，一日 3 次。,孕妇忌服，忌食辛辣。,口服固体药用高密度聚乙烯瓶，60 片 × 1 瓶盒。,,,每片重 0.3g,,,,,,,海外制药(镇赉)有限公司【企业名称】海外制药(镇赉)有限公司,
medicine,554,消渴灵片[药典],XiaoKeLingPian,地黄、五味子、麦冬、牡丹皮、黄芪、黄连、、茯苓、红参、天花粉、石膏、枸杞子。,益气养阴，清热泻火，生津止渴。用于气阴两虚所致的消渴病，症见多饮、多食、多尿、消瘦、气短乏力；2 兴轻型、中型糖尿病见上述证候者。,中成药>>其他,36 个月,国药准字 Z22023753,,密封。,,,口服，一次 8 片，一日 3 次。,,口服固体药用高密度聚乙烯瓶包装；150 片瓶/盒。,,,每片重 0.36g,,,,"孕妇忌服, 忌食辛辣。",,,葵花药业集团(吉林)临江有限公司【企业名称】葵花药业集团(吉林)临江有限公司,
medicine,555,消渴灵片[药典],XiaoKeLingPian,地黄、五味子、麦冬、牡丹皮、枸杞子、红参、黄芪、茯苓、黄连、石膏、天花粉。,益气养阴，清热泻火，生津止渴。用于气阴两虚所致的消渴病，症见多饮、多食、多尿、消瘦、气短乏力；2 型、轻型、中型糖尿病见上述证候者。,中成药>>其他,36 个月,国药准字 Z20054969,,密封。,,,口服。一次 8 片，一日 3 次。,孕妇忌服。,铝塑包装。12 片板 × 4 板盒。,,,每片重 0.3g,,,,忌食辛辣。,,,通化金马药业集团股份有限公司【企业名称】通化金马药业集团股份有限公司【地址】吉林省通化市江南路100-1号【邮编】134001【省份/国家】吉林省【电话】0435-3246712【传真】0435-3246210【主页】www.jinmayy.com,
medicine,556,消渴灵片[药典],XiaoKeLingPian,消渴灵成方地黄、五味子、麦冬、牡丹皮、枸杞子、红参、黄芪、茯苓、黄连、石膏、天花粉。,滋补肾阴，生津止渴，益气降糖。用于成年非胰岛素依赖性轻型、中型糖尿病。,中成药>>其他,暂定 18 个月,国药准字 Z20053624,,密封。,,,口服，一次 8 片，一日 3 次。,,药品包装用铝箔和聚氯乙烯固体药用硬片，每板 12 片。,,,每片重 0.36 g。,,,,"孕妇忌服, 忌食辛辣。",,,遂成药业股份有限公司【企业名称】遂成药业股份有限公司,
medicine,557,消渴灵片[药典],XiaoKeLingPian,消渴灵成方地黄、五味子、麦冬、牡丹皮、黄芪、黄连、茯苓、红参、天花粉、石膏、枸杞子。,滋补肾阴，生津止渴，益气降糖。主要用于成年非胰岛素依赖性轻型、中型糖尿病。,中成药>>其他,暂定 18 个月。,国药准字 Z20053933,,密封。,,,口服，一次 8 片，一日 3 次。,孕妇忌服。,(铝塑板包装)12 片 × 8 板／盒。,,,每片重 0.36 g。,,,,1.忌食辛辣。2.定期复查血糖。,,,钓鱼台医药集团吉林天强制药股份有限公司【企业名称】钓鱼台医药集团吉林天强制药股份有限公司【地址】吉林省柳河县人民大街309号,
medicine,558,消渴灵丸,XiaoKeLingWan,地黄、五味子、麦冬、牡丹皮、黄芪、黄连、茯苓、红参、天花粉、石膏、枸杞子。,益气养阴，清热泻火，生津止渴。用于气阴两虚所致的消渴病，症见多饮、多食、多尿、消瘦、气短乏力；2型轻型、中型糖尿病见上述证候者。,中成药>>其他,24个月,国药准字Z20080357,,遮光，密封保存。,,,口服。一次16丸，一日3次。,孕妇忌服。忌食辛辣。,288s/瓶。,,,每100丸重18g,,,如与其他药物同时使用可能会发生药物相互作用，详情请咨询医师或药师。,,,请仔细阅读药品说明书并按说明书使用或在医师指导下购买和使用,药都制药集团股份有限公司【企业名称】药都制药集团股份有限公司【地址】河北省安国市东方药城【邮编】071200【省份/国家】河北省【电话】0312-3526666 6186666【传真】0312-6186766【主页】www.yaodu.cn,
medicine,559,消渴平片,XiaoKePingPian,人参、黄连、天花粉、天冬、黄芪、丹参、枸杞子、沙苑子、葛根、知母、五倍子、五味子。,益气养阴，清热泻火。用于阴虚燥热，气阴两虚所致的消渴病，症见口渴喜饮、多食、多尿、消瘦、气短、乏力、手足心热；2 型糖尿病见上述症候者。,中成药>>其他,36 个月,国药准字 Z20053145,,密封。,,,口服。一次 6～8 片，一日 3 次，或遵医嘱。,,药用铝塑包装。12 片板 × 3 板盒。,,,每片重 0.55 g。,,,,,,,长春英平药业有限公司【企业名称】长春英平药业有限公司【地址】长春经济技术开发区仙台大街2888号【邮编】130033【省份/国家】吉林省【电话】（0431）84656800 84656900【传真】（0431）84661100【主页】www.hnfsry.com,
medicine,560,消渴平片,XiaoKePingPian,黄芪、天花粉、丹参、葛根、沙苑子、枸杞子、知母、人参、黄连、天冬、五味子、五倍子。,益气养阴，清热泻火，益肾缩尿。用于糖尿病。,中成药>>其他,暂定1.5年,,,密闭，防潮。,,,口服，一次6～8片，一日3次， 或遵医嘱。,,药用铝塑泡罩包装。每盒装48片。,,,每片重0.3g,,,,,,,陕西怡悦制药有限公司【企业名称】陕西怡悦制药有限公司【地址】西安市高新区科技六路西端18号【邮编】710065【电话】029－87623516【传真】029－87619510,
medicine,561,消渴清颗粒,XiaoKeQingKeLi,知母、苍术、黄连、蒲黄、地锦草。,滋阴清热，活血化瘀。配合抗糖尿病化学药品用于Ⅱ型糖尿病属阴虚热盛挟血瘀证的治疗；可改善该证所见口渴欲饮、多食易饥、怕热心烦、溲赤或尿多、大便干结、或胸中闷痛、或肢体麻木、刺痛，以及盗汗等症。,中成药>>内科用药>>扶正剂>>益气养阴,36个月。,国药准字Z20080034,,密封，置阴凉（不超过20℃）干燥处。,,个别患者发生恶心，呕吐；个别患者在用药期间出现ALT增高。,温开水冲服。一次1袋，一日3次。疗程8周。,孕妇禁用；有出血倾向者慎用；肝、肾功能不全者慎用。,聚酯/铝/聚乙烯药品包装用复合膜，9袋/盒。,,,每袋装6g,国家食品药品监督管理局标准YBZ00432008,本品经国家食品药品监督管理局（批件号：2001ZL032）批准于2002年8月~2004年12月进行多中心、随机、双盲、阳性药物平行对照试验。Ⅱ期：试验组118例，对照组118例；试验组脱落6例、剔除2例，对照组脱落14例、剔除4例。Ⅲ期：试验组378例，对照组190例；试验组脱落19例。对照组脱落10例。诊断标准：西医糖尿病诊断标准（采用1999年WHO专家咨询报告）：空腹静脉血糖（FPG）≥7.0mmol/L（126mg/dl）；或餐后2小时血糖（2HPG）≥11.1mmol/L（200mg/dl）。中医辨证为阴虚热盛挟血瘀证。同时病程在3个月以上。已进行饮食控制、运动疗法，或饮食控制+运动疗法+降糖西药治疗后2周。观察项目：主要观察血糖（空腹、餐后2h）、中医证候等。疗效标准：（1）空腹血糖显效：治疗后空腹血糖<7.0mmol/L，或治疗前下降30%以上。有效：治疗后空腹血糖<8.3mmol/L，或治疗前下降10%以上。无效：治疗后空腹血糖未达到上述标准。（2）餐后2h血糖显效：治疗后餐后2h血糖<8.3mmol/L，或治疗前下降30%以上。有效：治疗后餐后2h血糖<10.0mmol/L，或治疗前下降10%以上。无效：治疗后餐后2h血糖未达到上述标准。（3）证候疗效判定标准（尼莫地平法）：显效：中医证候积分减少≥70%。有效：中医证候积分减少≥30%，<70%。无效：中医证候积分减少不足30%。给药方案：消渴清颗粒，温开水冲服，一次1袋，一日3次；糖脉康颗粒，温开水冲服，一次1袋，一日3次。8周为一个疗程。试验结果：Ⅱ期试验：空腹血糖疗效（ITT）：试验组118例中，显效46例（38.98%）、有效40例（33.90%）、无效32例（27.12%）；对照组118例中，显效36例（30.51%）、有效40例（33.90%）、无效42例（35.59%），两组疗效相近。中西合药组：试验组79例中，显效30例（37.97%）、有效26例（32.91%）、无效23例（29.12%）；对照组79例中，显效22例（27.85%）、有效26例（32.91%）、无效31例（39.24%），两组疗效相近。纯中药组：试验组39例中，显效16例（41.02%）、有效14例（35.90%）、无效9例（23.08%）；对照组39例中，显效14例（35.90%）、有效14例（35.90%）、无效11例（28.24%），两组疗效相近。餐后2h血糖疗效（ITT）：试验组118例中，显效48例（40.68%）、有效44例（37.29%）、无效26例（22.03%）；对照组118例中，显效39例（33.05%）、有效30例（25.42%）、无效49例（41.53%），优于对照。中西合药组：试验组79例中，显效30例（37.97%）、有效28例（35.45%）、无效21例（26.58%）；对照组79例中，显效25例（31.65%）、有效18例（22.78%）、无效36例（45.57%），优于对照。纯中药组：试验组39例中，显效18例（46.15%）、有效16例（41.03%）、无效5例（12.82%）；对照组39例中，显效14例（35.90%）、有效14例（35.90%）、无效11例（28.24%），两组疗效相近。中医证候疗效（ITT）：试验组118例中，显效40例（33.90%）、有效68例（57.63%）、无效10例（8.47%）；对照组118例中，显效42例（35.59%）、有效61例（51.69%）、无效15例（12.72%），两组疗效相近。Ⅲ期试验：空腹血糖疗效（ITT）：试验组378例中，显效108例（28.57%）、有效110例（29.10%）、无效160例（42.33%）；对照组190例中，显效46例（24.21%）、有效52例（27.37%）、无效92例（48.42%），两组疗效相近。中西合药组：试验组239例中，显效70例（29.29%）、有效59例（24.69%）、无效110例（46.03%）；对照组120例中，显效28例（23.33%）、有效29例（24.17%）、无效63例（52.50%），两组疗效相近。纯中药组：试验组139例中，显效38例（27.34%）、有效51例（36.69%）、无效50例（35.97%）；对照组70例中，显效18例（25.71%）、有效23例（32.86%）、无效29例（41.43%），两组疗效相近。餐后2h血糖疗效（ITT）：试验组376例中，显效106例（28.19%）、有效135例（35.90%）、无效135例（35.90%）；对照组190例中，显效45例（23.68%）、有效57例（30.00%）、无效88例（46.32%），两组疗效相近。中西合药组：试验组238例中，显效68例（28.57%）、有效78例（32.77%）、无效92例（38.66%）；对照组120例中，显效26例（21.67%）、有效39例（32.50%）、无效55例（45.83%），优于对照。纯中药组：试验组138例中，显效38例（27.54%）、有效57例（41.30%）、无效43例（31.16%）；对照组70例中，显效19例（27.14%）、有效18例（25.71%）、无效33例（47.14%），两组疗效相近。中医证候疗效（ITT）：试验组378例中，显效129例（34.13%）、有效209例（55.29%）、无效40例（10.58%）；对照组190例中，显效59例（31.05%）、有效105例（55.26%）、无效26例（13.68%），两组疗效相近。中西合药组是指在本次试验中，联合使用的化学药品涉及磺脲类、双肌类、α-糖苷酶抑制剂、餐时血糖调节剂、噻唑烷二酮、胰岛素制剂。在这些化学药品应用过程中，血糖得不到有效控制而同时加服试验药物。Ⅱ期：两组患者服药期间均发生不良反应，其中，治疗组（中西联合用药）的不良反应为：1例恶心、呕吐，停药后缓解；1例腹泻，停药后缓解；前者可能与药物有关、后者则无法确定。Ⅲ期：试验组数据治疗后仍异常者，ALT升高1例、血脂紊乱加重1例、BUN增高1例、泌尿系感染1例、肌肝升高1例，无法判定与药物有关。ALT升高1例可能与药物有关。,,服药期间定期检测血糖、肝肾功能。,,,天士力医药集团股份有限公司【企业名称】天士力医药集团股份有限公司,
medicine,562,消渴通脉口服液,XiaoKeTongMaiKouFuYe,黄芪、地黄、白芍、麦冬、葛根、丹参、水蛭、黄芩、黄连、玄参、川芎、川牛膝。,益气养阴清热，活血化瘀通络。主治消渴病，气阴两虚，兼血瘀症。症见倦怠、乏力、口干、肢体麻木、疼痛，甚则青紫溃破等。适用于Ⅱ型糖尿病周围神经病变。,中成药>>其他,24个月,国药准字Z20040090,,密闭，遮光。,,临床试验中，个别病例出现胃脘疼痛、大便次数增多、大便清稀等症状。,口服。一次20ml，一日3次。,孕妇慎用。,,,,,国家食品药品监督管理局国家药品标准YBZ07572004-2009Z,,,,,,河南省新四方制药有限公司【企业名称】河南省新四方制药有限公司,
medicine,563,消渴丸,XiaoKeWan,葛根、地黄、黄芪、天花粉、玉米须、南五味子、山药、格列本脲。,滋肾养阴，益气生津。用于气阴两虚所致的消渴病，症见多饮、多尿、多食、消瘦、体倦乏力、眠差、腰痛；2 型糖尿病见上述证候者。,中成药>>内科用药>>扶正剂>>益气养阴,36 个月。,国药准字 Z44020045,,密封。,,文献报道主要为：（1）低血糖反应，其诱因为进餐延迟、剧烈体力活动，或药物剂量过大，以及合用一些可增加低血糖发生的药物(见[注意事项])。发生低血糖反应后，进食、饮糖水通常均可缓解。在肝肾功能不全，年老、体弱者，若剂量偏大(对成年患者的一般剂量对年老、体弱者即可能过量)，则可引起严重低血糖。（2）偶见药疹。（3）偶见轻度恶心、呕吐等消化道反应。（4）罕见脱发。,口服，一次 5～10 丸，一日 2～3 次。饭前用温开水送服。或遵医嘱。,1、孕妇、哺乳期妇女不宜服用。2、Ⅰ型糖尿病患者，2型糖尿病患者伴有酮症酸中毒、昏迷、严重烧伤、感染、严重外伤和重大手术者禁用。3、肝、肾功能不全者，对磺胺类药物过敏者，白细胞减少者禁用。,塑瓶包装，每瓶装 52.5 克(210 丸)，每盒 1 瓶。,,,每 10 丸重 2.5 g(含格列本脲 2.5 mg)。,《中国药典》2020年版一部,,,"本品含格列本脲,严格按处方药使用,并注意监测血糖。本品是中西药复方制剂,鉴于尚无充分的临床研究数据证实本复方制剂可以减低或消除其中格列本脲的不良反应，故罗列以下相关内容，以提示医生、患者在使用本品时予以关注。1、本品服用量应根据病情从每次5丸起逐渐递增。每次服用量不超过10丸，每日不超过30丸；至疗效满意时，可逐渐减少每次服用量或减少服用次数至每日2次的维持剂量。每日服用2次时，应在早餐及午餐前各服用1次，晚餐前尽量不服用。请在医生指导下，进行服量控制。2、年龄超过65岁的糖尿病患者对低血糖耐受差，对此类糖尿病患者用药时应密切注意避免低血糖反应。其血糖控制标准略宽于一般人，空腹血糖＜7.8mmol/L(140mg/dl)，餐后2小时血糖＜11.1mmol/L(200mg/dl)即可。3、本品不宜与其他磺脲类药物合用。4、本品与下列药物合用，可增加低血糖的发生：（1）抑制磺脲类药物由尿中排泄，如治疗痛风的丙磺舒、别嘌醇；（2）延迟磺脲类药物的代谢，如酒精，H2受体阻滞剂(西米替丁、雷尼替丁)、氯霉素，抗真菌药咪康唑，抗凝药。磺脲类与酒精同服可引起腹痛、恶心、呕吐、头痛以及面部潮红(尤以使用氯磺丙脲时)，与香豆素类抗凝剂合用时，开始二者血浆浓度皆升高，以后二者血浆浓度皆减少，故应按情况调整两药的用量；（3）促使与血浆白蛋白结合的磺脲类药物分离出来，如水杨酸盐、贝特类降血脂药；（4）药物本身具致低血糖作用：酒精、水杨酸类、胍乙啶、单胺氧化酶抑制剂、奎尼丁；（5）合用其他降血糖药物：胰岛素、二甲双胍、阿卡波糖、胰岛素增敏剂；（6）β肾上腺受体阻滞剂可干扰低血糖时机体的升血糖反应，阻碍肝糖酵解，同时又可掩盖低血糖的警觉症状。5、本品与下列药物合用，可增加高血糖的发生：（1）糖皮质激素、雌激素、噻嗪类利尿剂、苯妥英钠、利福平；（2）β肾上腺素受体阻滞剂可拮抗磺脲类药物的促胰岛素分泌作用，故也可致高血糖。6、用药期间应定期监测血糖、尿糖、尿酮体、尿蛋白和肝肾功能、血象、并进行眼科检查。7、体质虚弱、高热、恶心和呕吐、肾上腺皮质功能减退或垂体前叶功能减退者慎用。8、出现低血糖症状时，可采用以下措施：（1）补充葡萄糖：轻者马上口服葡萄糖，如无葡萄糖，可予口服甜果汁、糖水；重者静脉注射葡萄糖。要观察到患者意识恢复。（2）胰升糖素治疗：胰升糖素皮下、肌肉或静脉注射，因为其作用时间较短，且会再次出现低血糖，所以在注射后仍要补充葡萄糖或进食，需继续观察，以保证患者完全脱离危险期。",广州市丛桂路丛桂新街50号【邮编】510140,,广州白云山中一药业有限公司【企业名称】广州白云山中一药业有限公司,
medicine,564,消糖灵胶囊,XiaoTangLingJiaoNang,"人参,黄连,天花粉,杜仲，黄芪,丹参，枸杞子，沙苑子,白芍,知母，五味子,格列本脲。","益气养阴,清热泻火,益肾缩尿。用于糖尿病。",中成药>>其他,24 个月,国药准字 Z43020188,,密封。,,"本品服用不当或服用本品后运动过量,可出现低血糖症"">低血糖症。少部分患者可出现胃肠道不良反应。","口服,一次3粒。一日2次,或遵医嘱。建议饭前半小时至一小时日服,第一次确诊的患者。起始剂量可选择每次1粒,一日2次;长期服药维持治疗的患者首次换服本品时。起始剂量可选择一次2粒,一日2次;以后视病情需要再增加至一次3粒。一日2次。","肝,肾功能不全,白细胞减少,对磺胺类药物过敏者孕妇,哺乳期妇女及尿病并发酸中毒和急性感梁者禁用。",药品包装用 TP 铝箔.药用 P∨C 硬片;12 粒板 × 2 板袋 × 2 袋盒,,,每粒装 0.4g,,,,"本品宣小剂量开始服用,逐渐增加用量,防止出现低血糖。避免与双氢氯噻嗪,糖皮质激素。磺胺类药物、抗凝血药,保泰松,氯霉素等药物同时使用。服药期间,禁止饮用含酒精类饮料。",,,湖南正清制药集团股份有限公司【企业名称】湖南正清制药集团股份有限公司【地址】湖南省怀化市正清路288号【邮编】418000【省份/国家】湖南省【电话】（0745）2350878【传真】（0745）2352068【主页】www.zq99.com,
medicine,565,消糖灵胶囊,XiaoTangLingJiaoNang,人参、黄连、天花粉、杜仲、黄芪、丹参、枸杞子、沙苑子、白芍、知母、五味子、优降糖。,益气养阴，清热泻火，益肾缩尿。用于糖尿病。,中成药>>其他,24 个月。,国药准字 Z37020977,,密封。,,,口服，一次 3 粒，一日 2 次，饭前温开水送服或遵医嘱。,,PVC 及镀铝锡箔；0.4 克 × 12 粒 × 2 板盒。,,,每粒装 0.4 克。,,,,"本品含格列本脲, 是降血糖药。",,,烟台中亚医药保健酒有限公司【企业名称】烟台中亚医药保健酒有限公司,
medicine,566,消糖灵胶囊,XiaoTangLingJiaoNang,人参、黄连、黄芪、天花粉、白芍、丹参、沙苑子、枸杞子、知母、杜仲、五味子、格列本脲。,益气养阴、清热泻火、益肾缩尿。用于糖尿病。,中成药>>其他,24  月,国药准字Z21021325,,密封，防潮。,,,口服，一次3粒，一日2次遵医嘱。,,,,,,,,,,,,辽宁绿丹药业有限公司【企业名称】辽宁绿丹药业有限公司【地址】丹东市振兴区浪头镇顺天545号【邮编】118000【省份/国家】辽宁省【电话】0415-3128228【传真】0415-3129220,
medicine,567,消糖灵颗粒,XiaoTangLingKeLi,人参、黄连、天花粉、杜仲、枸杞子、丹参等十二味。,益气养阴，清热泻火，益肾缩尿，用于糖尿病。,中成药>>其他,24个月,国药准字Z20110046,,遮光，密封保存。,四川源基制药有限公司【企业名称】四川源基制药有限公司【地址】广汉市北外乡新沟村【省份/国家】四川省,本品服用不当或服用本品后运动过量，可出现低血糖症。,口服。,,2g*10袋/盒,儿童应在医师指导下服用。,未进行该项实验且无可靠参考文献。,2g*10袋,,,如与其他药物同时使用可能会发生药物相互作用，详情请咨询医师或药师。,1.胰岛素依赖型糖尿病人禁用；非胰岛素依赖型病人伴有酮症酸中毒、昏迷、严重烧伤感染、外伤和重大手术等应激情况，严重肝肾功能不全者禁用。2.体质虚弱、高热、恶心、呕吐、甲状腺亢进者慎用。 3.本品无明显副作用，服用本品时不可再加服双胍类、磺脲类降糖药。,,请仔细阅读药品说明书并按说明书使用或在医师指导下购买和使用,四川源基制药有限公司【企业名称】四川源基制药有限公司【地址】广汉市北外乡新沟村【省份/国家】四川省,
medicine,568,消糖灵片,XiaoTangLingPian,黄芪、天花粉、白芍、丹参、沙苑子、枸杞子、知母、杜仲、五味子、黄连、人参、格列本脲。,益气养阴，清热泻火，益肾缩尿。用于糖尿病。,中成药>>其他,暂定二年。,,,密封,,,口服，一次2片，一日2次，饭前温开水送服或遵医嘱。,1.孕妇、乳母禁服。2.肝、肾功能不全者、Ⅰ型糖尿病人、Ⅱ型糖尿病伴有酮症酸中毒、昏迷、严重烧伤、感染、外伤和重大手术时禁服。3.对磺胺药过敏者禁服。4.白细胞减少的患者禁服。,塑料瓶。每瓶装36片。,,,每片重0.6g。每片含格列本脲1.05mg。,,,,1.本品含格列本脲，应在医生指导下服用。甲状腺功能亢进、高热、恶心和呕吐、体质虚弱、老年人慎用。若服用不当，可能出现低血糖反应，应予注意，如发现低血糖应立即停药请医生处理。2.用药期间应定期测定血糖和肝、肾功能。3.本品与磺胺类、保泰松、羟保泰松、四环素、氯霉素、丙磺舒、水杨酸盐、单胺氧化酶抑制剂等合用，可增加降血糖作用。,,,健民药业集团股份有限公司【企业名称】健民药业集团股份有限公司【地址】湖北省武汉市汉阳区鹦鹉大道484号【邮编】430052【省份/国家】湖北【电话】（027）84523252  8008808128【传真】（027）84523271【主页】http://www.whjm.com,
medicine,657,养阴降糖片,YangYinJiangTangPian,地S、玄参、枸杞子、玉竹、葛根、知母、S芪、党参、五味子、牡丹皮、虎杖、川芎。,养阴益气，清热活血。用于气阴不足、内热消渴，症见烦热口渴、多食多饮、疲倦乏力；2 型糖尿病见上述症候者。,中成药>>其他,24 个月,国药准字 Z20113092,,密封，防潮。,,,口服: 一次 4 片，一日 3 次。,,铝塑包装，4 × 12 片板/盒。,,,每片重 0.6 g。,,,,,,,陕西方舟制药有限公司【企业名称】陕西方舟制药有限公司【地址】铜川市宜君县彭村工业小区【邮编】710075【省份/国家】陕西省【电话】029-88329112【传真】029-88329122【主页】www.arkmed.com,
medicine,658,养阴降糖颗粒,YangYinJiangTangKeLi,地S、玄参、枸杞子、玉竹、葛根、知母、S芪、党参、五味子、牡丹皮、虎杖、川芎。,养阴益气，清热活血。用于糖尿病。,中成药>>其他,24  月,国药准字Z20090278,,密封。,,,"口服。一次1袋,一日3次。",,,,,,,,如与其他药物同时使用可能会发生药物相互作用，详情请咨询医师或药师。,1.服药期间必须配合饮食调节。2.请将此药品放在儿童不能接触的地方。,,,四川省通园制药集团有限公司【企业名称】四川省通园制药集团有限公司,
medicine,673,益津降糖胶囊,YiJinJiangTangJiaoNang,人参、白术、茯苓、仙人掌、甘草。,健脾益气，生津止渴。用于气阴两虚型消渴病，证见；乏力自汗，口渴喜饮，多尿，多食善饥，舌苔花剥，少津，脉细少力，及Ⅱ型糖尿病见上述证候者。,中成药>>其他,24个月,国药准字Z20010086,,密封，阴凉干燥处,,,口服，一次5粒，一日4次，饭前和晚上睡前服用。或遵医嘱。,,每瓶装60或100粒。,,,每粒装0.4g,,,如与其他药物同时使用可能会发生药物相互作用，详情请咨询医师或药师。,1.肝昏迷、尿毒症、低血糖、糖尿病酮症患者遵医嘱使用。2.精神方面:(1)要心胸开阔，不要生气、发怒，不要着急上火。(2)应适当锻炼，早晚做些运动，但不要过累。(3)生活起居要有规律。3.饮食:(1)禁用各种高糖、高脂肪食物：①糖及糖制品②猪肥肉和大油③淀粉类食物，如地瓜、土豆、粉条、淀粉、藕粉④甜的水果及水果罐头⑤烟、酒、饮料⑥激素类药物。(2)宜吃食物：①豆制品②花生③各种蛋类④牛肉、羊肉、猪瘦肉、鸡、鸭肉⑤各种水产品及海产品⑥各种蔬菜如：黄瓜、芹菜、菠菜、白菜、,,,佐今明制药股份有限公司【企业名称】佐今明制药股份有限公司,
medicine,674,益津降糖颗粒,YiJinJiangTangKeLi,人参、白术（炒）、茯苓、仙人掌、甘草。,健脾益气、生津止渴。用于气阴两虚型消渴病。症见乏力自汗，口渴喜饮，多尿，多食善饥，舌苔花剥，少津，脉细弱；2型糖尿病见上述证候者。,中成药>>其他,24个月,国药准字Z20020063,孕妇慎用。,密封，阴凉干燥处,吉林延边朝药药业有限公司【企业名称】吉林延边朝药药业有限公司【地址】吉林省龙井市工农路1188号,轻微胃肠道刺激，偶见恶心等胃部不适。,口服，一次5g，一日3次，饭前服用或遵医嘱。12周为一疗程。,孕妇慎用。,盒装,,,每袋装5g,,,如与其他药物同时使用可能会发生药物相互作用，详情请咨询医师或药师。,有肠胃疾患者慎用。,,,吉林延边朝药药业有限公司【企业名称】吉林延边朝药药业有限公司【地址】吉林省龙井市工农路1188号,
medicine,675,益津降糖口服液,YiJinJiangTangKouFuYe,人参、白术、茯苓、仙人掌、甘草。,健脾益气，生津止渴。用于气阴两虚引起的消渴病，症见：乏力自汗，口渴喜饮，多尿，多食善饮，舌苔花剥，少津，脉细少力及Ⅱ型糖尿病见上述证候者。,中成药>>其他,18个月,国药准字Z10930037,孕妇慎用。,密封，阴凉干燥处,,偶见恶心，呕吐、头晕。,口服，一次20ml，一日3次，饭前服用或遵医嘱。,,,,,每支装10ml,,,如与其他药物同时使用可能会发生药物相互作用，详情请咨询医师或药师。,1.偶见恶心，呕吐、头晕；2.孕妇慎用；3.久置药液微有黄色沉淀，振摇后可重新混匀，不影响疗效。,,,吉林敖东延边药业股份有限公司【企业名称】吉林敖东延边药业股份有限公司【地址】吉林省敦化市敖东大街2158号【邮编】133700【省份/国家】吉林省【电话】（0433）6223692  6233277【传真】（0433）6222114,
medicine,679,益气生津茶,YiQiShengJinCha,西洋参、玉竹、麦冬、枸杞子、石斛、玄参、砂仁、佛手。,益气养阴，生津止渴。用于气阴两虚症糖尿病的辅助治疗，可改善口渴喜饮，多食易饥，溲赤便秘，神疲乏力，五心烦热，自汗盗汗等症状。,中成药>>其他,24个月。,国药准字B20021074,,密封。,,有个别患者出现腹泻现象。,开水泡服。一次1-2袋（5-10g），一日2次。,,茶叶滤纸与药品包装用复合膜，每袋装5克。,,,每袋装5g。,国家食品药品监督管理局标准(试行)WS-6054（B-1054）-2002,,,1.在医生指导下用药。2.脾胃虚弱，便溏者慎用。3.孕妇忌用。4.危重病人慎服。,,有个别患者出现腹泻现象,北京国医堂制药有限公司【企业名称】北京国医堂制药有限公司【地址】北京市平谷区王辛庄镇乐园路21号【邮编】101209【省份/国家】北京【电话】010-84473807【传真】010-84473527【主页】www.gytzy.com,
medicine,695,益阴消渴胶囊,YiYinXiaoKeJiaoNang,野苦瓜、葛根、荔枝核、山药。,傣医补塔喃别菲，兵优汪，优响，多约多温。中医益气养阴，清热生津。用于气阴不足所致的消渴，以及Ⅱ型糖尿病见上述证候者。,中成药>>其他,1.5年。,国药准字Z20025428,,密封，置阴凉干燥处。,,,口服，一次2～3粒，一日3次；或遵医嘱。,,,,,每粒装0.5g,,,,定期复查血糖。,,,云南名扬药业有限公司【企业名称】云南名扬药业有限公司【地址】昆明市北京路152号中明大厦4楼【省份/国家】云南省,
medicine,700,玉兰降糖胶囊,YuLanJiangTangJiaoNang,蓝花参、玉竹、牛蒡子、桑叶、半枝莲、青箱子、黄芩。,苗医怡渥汗吴苯，曲靳挡嘎候。陡科欠罗。阶索干罗欧，卡欧豪凹诖，坳瓦罗岗蛙。中医清热养阴，生津止渴。用于阴虚内热所致的消渴病，2型糖尿病及并发症的改善。,中成药>>其他,1.5年。,国药准字Z20025122,,密封。,,,口服，一次3～5粒，一日3次；饭前服用。,,,,,每粒装0.3g,,,,忌食辛辣，酒类；定期复查血糖。,,,贵州健兴药业有限公司【企业名称】贵州健兴药业有限公司【地址】贵阳高新技术开发区高新路228号【邮编】550018【省份/国家】贵州省【电话】0851-6221333【传真】0851-6221433、6221010【主页】www.gzjxyy.com,
medicine,701,玉蓝降糖胶囊,YuLianJiangTangJiaoNang,黄芩、桑叶、牛蒡子、蓝花参、半枝莲、假万寿竹根、青葙子。,清热养阴，生津止渴。用于阴虚内热所致的消渴病，2型糖尿病及并发症的改善。,中成药>>其他,24个月,国药准字Z20025122,,密封，阴凉干燥处。,,,口服，一次3-5粒，一日3次；饭前服用。,,0.3g*45粒/盒,,,每粒装0.3g,,,如与其他药物同时使用可能会发生药物相互作用，详情请咨询医师或药师。,忌食辛辣，酒类；定期复查血糖。,,请仔细阅读药品说明书并按说明书使用或在医师指导下购买和使用,贵州健兴药业有限公司【企业名称】贵州健兴药业有限公司【地址】贵阳高新技术开发区高新路228号【邮编】550018【省份/国家】贵州省【电话】0851-6221333【传真】0851-6221433、6221010【主页】www.gzjxyy.com,
medicine,702,玉苓消渴茶,YuLingXiaoKeCha,南瓜、甜叶菜、茯苓、绞股蓝、玉竹、女贞子。,苗医怡渥汁吴苯，曲靳挡嘎候陡科大罗，仰溪秀切，罗欧买乃，卡欧，坳瓦罗岗蛙。中医益气养阴、生津止渴。用于气阴不足所致2型糖尿病引起的口渴多饮，消瘦乏力，尿频量多等症。,中成药>>其他,1.5年。,国药准字Z20025899,,密封。,贵州特色制药有限责任公司【企业名称】贵州特色制药有限责任公司,,开水泡服，一次3g，一日3次。,,,,,每袋装3g,,,,应配合其它降糖等治疗，本品仅作为改善临时状用药。,,,贵州特色制药有限责任公司【企业名称】贵州特色制药有限责任公司,
medicine,703,玉泉胶囊,YuQuanJiaoNang,天花粉、葛根、麦冬、人参、茯苓、乌梅、黄芪、甘草、地黄、五味子。,养阴益气，生津止渴，清热除烦。主治气阴不足，口渴多饮、消食善饥;糖尿病属上述症候者。,中成药>>内科用药>>扶正剂>>益气养阴,24个月,国药准字Z20080280,,,,,口服。一次4粒，一日4次。,孕妇禁忌。,铝塑板。8粒/板×3板/盒。,,,每粒装0.6g,国家食品药品监督管理局标准YBZ06642008《中国药典》2020年版一部,,,定期复查血糖。,,,北京诚济制药股份有限公司【企业名称】北京诚济制药股份有限公司,
medicine,704,玉泉颗粒,YuQuanKeLi,天花粉、葛根、人参、麦冬、地黄、黄芪、茯苓、乌梅、甘草、五味子。,养阴益气，生津止渴，清热除烦。主治气阴不足，口渴多饮，消食善饥；糖尿病属上述证候者。,中成药>>内科用药>>扶正剂>>益气养阴,1.5年。,国药准字Z20026664,,密封。,北京同仁堂天然药物（唐山）有限公司【企业名称】北京同仁堂天然药物（唐山）有限公司【地址】河北玉田高新技术园区【邮编】064100【省份/国家】河北省【电话】（0315）6197555【传真】（0315）6151676【主页】www.tongrentangtryw.com,,开水冲服，一次5g，一日4次。,孕妇忌服。,,,,每袋装5g,,,,定期复查血糖。,,,,
medicine,705,玉泉片,YuQuanPian,人参、麦冬、五味子、天花粉、地黄、黄芪、乌梅、葛根、茯苓、甘草。,生津止渴，清热除烦，养阴益气。主治气阴不足，口渴多饮，消食善饥，糖尿病属上述证候者。,中成药>>其他,暂定1.5年,,,密封，置阴凉干燥处。,,,口服，一次4片，一日4次。,,聚酯瓶包装。每瓶装32片。,,,每片重0.65g,,,,,,,陕西华西制药股份有限公司【企业名称】陕西华西制药股份有限公司【地址】宝鸡高新技术产业开发区高新大道56号【省份/国家】陕西省【主页】http://www.bjhuaxi.com,
medicine,706,玉泉丸,YuQuanWan,葛根、天花粉、地黄、麦冬、五味子、甘草。,养阴生津，止渴除烦，益气中和。用于治疗因胰岛功能减退而引起的物质代谢、碳水化合物代谢紊乱，血糖升高之糖尿病（亦称消渴症），肺胃肾阴亏损，热病后期。,中成药>>内科用药>>扶正剂>>益气养阴,36个月。,国药准字Z51021085,,密闭，防潮。,,曾有服用后偶见腹泻、腹胀、稀便的报道。,"口服。一次6g,一日4次；七岁以上小儿一次3g，三至七岁小儿一次2g。",孕妇忌用。,固体药用塑料瓶，60g/瓶/盒。,,,每10丸重1.5g,《中华人民共和国卫生部药品标准》中药成方制剂第二十册 标准编号：WS3-B-3802-98,,,1.属阴阳两虚消渴者慎用。2.本品性凉滋腻，脾胃虚弱、腕腹胀满、食少便溏者慎用。3.服药期间忌食肥甘、辛辣之品，控制饮食，注意合理的饮食结构；忌烟酒。4.服用本品偶见腹泻，停药后可缓解；偶见腹胀、稀便，不需停药，继续服用，症状消失。5.避免长期精神紧张；适当进行体育活动。6.对重症病例，应合用其他降糖药物治疗，以防病情加重。7.在治疗过程中，尤其是与西药降糖药联合用药时，要及时监测血糖，避免低血糖反应发生。8.注意早期防治各种并发症，如糖尿病脑病、糖尿病心病、糖尿病肾病等，以防止病情的恶化。,,,成都九芝堂金鼎药业有限公司【企业名称】成都九芝堂金鼎药业有限公司【地址】成都市跳蹬河北路84号【省份/国家】四川省,
medicine,707,愈三消胶囊,YuSanXiaoJiaoNang,黄芪、地黄、熟地黄、麦冬、天冬、玄参、五味子、淫羊藿（制）、丹参、红花、当归、黄连、知母、党参、天花粉、红参、鹿茸。,养阴生津，益气活血。用于轻、中度II型糖尿病属气阴两虚挟瘀症者，证见：口渴喜饮，易饥多食，疲倦乏力，自汗盗汗，舌质暗，有瘀斑，脉细数等。,中成药>>其他,24个月。,国药准字Z10960049,,密封。,,,饭前口服，一次8粒，一日3次。疗程3个月或遵医嘱。,,铝塑包装；20粒X4板／盒。,,,每粒装0.4g。,国家食品药品监督管理局标准WS3-252(Z-045)-2001(Z)-2003,,,(1)少数患者服用后可出现上腹不适，恶心，一般可自行缓解。(2)孕妇忌服；病情属阴虚火旺者不宜服用。,,,吉林省辉南长龙生化药业股份有限公司【企业名称】吉林省辉南长龙生化药业股份有限公司【地址】吉林省辉南县朝阳镇北山街31号【邮编】135100【省份/国家】吉林省【电话】0435-8213822【传真】0435-8213822【主页】WWW.JLCHANGLONG.COM,
medicine,708,玉液消渴冲剂,YuYeXiaoKeChongJi,黄芪、葛根、山药、知母、天花粉、鸡内金、五味子、太子参。,益气滋阴。用于糖尿病消渴乏力，口渴多饮，多尿症。,中成药>>其他,24个月,国药准字Z44022044,请咨询医师或药师,密封。,,,口服。一次1袋，一日3次。,,内包装为药用复合膜袋，每盒6袋。,请咨询医师或药师，必须在成人监护下使用,,每袋装15g,部颁标准《中药成方制剂》第五册WS3-B-0909-91,,如需与本药合用，请咨询医师或药师,,,请仔细阅读药品说明书并按说明书使用或在医师指导下购买和使用,广州嘉禾制药有限公司【企业名称】广州嘉禾制药有限公司【地址】广州从化市旧飞机场【省份/国家】广东省,请咨询医师或药师
medicine,709,玉液消渴颗粒,YuYeXiaoKeKeLi,黄芪、葛根、山药、知母、天花粉、鸡内金、五味子、太子参。辅料为：木糖醇、糊精。,益气滋阴。用于糖尿病消渴乏力，口渴多饮，多尿症。,中成药>>其他,24个月。,国药准字Z11020482,,密封。,北京亚东生物制药有限公司【企业名称】北京亚东生物制药有限公司【地址】北京市昌平区科技园区富康路16号【邮编】102200【省份/国家】北京【电话】010-82883298   400-6100-238投诉电话：010-51655858【传真】010-82884004【主页】www.bjyadong.com,,口服。一次1袋，一日3次。,,复合膜袋装，每袋装15g。,,,每袋装15g,卫生部药品标准中药成方制剂第5册WS3―B―0909―91,,,1、当药品性状发生改变时禁止服用。            2、请将药品放于儿童不能接触的地方。,北京市昌平区科技园区富康路16号,,北京亚东生物制药有限公司【企业名称】北京亚东生物制药有限公司【地址】北京市昌平区科技园区富康路16号【邮编】102200【省份/国家】北京【电话】010-82883298   400-6100-238投诉电话：010-51655858【传真】010-82884004【主页】www.bjyadong.com,
medicine,710,振源胶囊,ZhenYuanJiaoNang,人参果总皂苷。,益气通脉，宁心安神，生津止渴。用于胸痹、心悸、不寐，消渴气虚证，症见胸痛胸闷，心悸不安，失眠健忘，口渴多饮，气短乏力;冠心病，心绞痛，心律失常，神经衰弱，II 型糖尿病见上述证候者。,中成药>>内科用药>>扶正剂>>益气养阴,36 个月。,国药准字 Z22026091,,密闭，防潮。,,,口服，一次 1～2 粒，一日 3 次。,忌与五灵脂、藜芦同服。,药品包装用复合膜，8 粒 × 3 板盒。,,,每粒装 0.25 g（含人参果总皂昔 25 mg）。,国家食品药品监督管理局国家药品标准 （试行），标准编号YBZ01122006,,如与其他药物同时使用可能会发生药物相互作用，详情请咨询医师或药师。,"忌辛辣、生冷。油腻食物。感冒发热病人不宜服用。本品宜饭前服用。高血压、心脏病、糖尿病、肝病、肾病等慢性病患者应在医师指导下服用。儿童、孕妇应在医师指导下使用。服药2周症状无缓解,应去医院就诊。对本品过敏者禁用,过敏体质者慎用。本品性状发生改变时禁止使用。儿童必须在成人监护下使用。请将本品放在儿童不能接触的地方。如正在使用其他药品,使用本品前请咨询医师或药师。",,忌与五灵脂、藜芦同服。,吉林省集安益盛药业股份有限公司【企业名称】吉林省集安益盛药业股份有限公司【地址】集安市文化东路17-20号【邮编】134200【省份/国家】吉林省【电话】0435－6214563 6223963质管部电话或传真：0435－6236047【传真】0435－6216962 6222929【电子邮件】yisheng@yisheng-pharm.com【主页】www.yisheng-pharm.com,
medicine,711,振源软胶囊,ZhenYuanRuanJiaoNang,人参果实提取的皂苷。,滋补强壮，安神益智，增强免疫功能，调节内分泌和植物神经功能紊乱，增强心肌收缩力，提高心脏功能，保肝和抗肿瘤等作用。用于治疗冠心病，更年期综合症，久病体弱，神经衰弱，隐性糖尿病，亦可用于慢性肝炎和肿瘤的辅助治疗。,中成药>>其他,18个月。,国药准字Z20080202,,密封。,,,口服，一次1-2粒，一日3次。,忌与五灵脂、藜芦同服。,铝塑板。每盒装20粒。,,,每粒装0.4g,YBZ05202008,,,,,,北京同仁堂健康药业股份有限公司【企业名称】北京同仁堂健康药业股份有限公司【地址】北京市海淀区上地信息路2号上地国际科技创业园C栋3层【邮编】100085【省份/国家】北京【电话】010-65301010【传真】010-65911133【主页】www.trtjk.com,
medicine,713,止渴降糖胶囊,ZhiKeJiangTangJiaoNang,人参、黄芪、山药、地黄、山茱萸、猪胰脏粉、天花粉。,益气养阴，滋肾健脾。适用于气阴两虚、脾肾不足证糖尿病的辅助治疗，可改善口渴多饮、消谷善饥、尿多便干、倦怠乏力、心悸失眠、腰膝酸软、自汗盗汗、五心烦热等症状。,中成药>>其他,36个月。,国药准字B20020661,,密封，置阴凉干燥处。,,,口服。一次3粒，一日3次。,孕妇忌服。,铝塑板装，每板装10粒。,,,每粒装0.5g,国家药品监督管理局标准（试行）WS-5640(B-0640)-2002,,,在医生指导下用药。,北京市通州区永顺地区王家场村【邮编】100176,,北京同仁堂股份有限公司同仁堂制药厂【企业名称】北京同仁堂股份有限公司同仁堂制药厂【地址】北京市丰台区南三环中路20号【邮编】100179【省份/国家】北京【电话】（010）87632888【传真】（010）67615182【主页】www.tongrentangkj.com,
medicine,714,止渴养阴胶囊,ZhiKeYangYinJiaoNang,人参、黄芪、生地黄、山茱萸、山药、天花粉、猪胰脏粉。,益气养阴，滋肾健脾。用于Ⅱ型糖尿病属气阴两虚、脾肾不足证，症见：倦怠乏力，气短懒言，自汗盗汗，口干口渴，五心烦热，腰膝酸软，心悸失眠，溲赤或多尿，大便干结等。,中成药>>其他,18个月。,国药准字Z20080441,,密封。,,个别患者偶见胃痛、便秘。,口服。一次3粒，一日3次。疗程8周。,,铝塑包装。10粒／板。,,,每粒装0.5g,国家食品药品监督管理局标准YBZ08742008,本品经国家食品药品监督管理局(批件号2001ZL193)批准于2002年12月-2004年10月进行随机双盲、平行对照、多中心试验。Ⅱ期：试验组103例，脱落9例、剔除0例；对照组109例，脱落13例，剔除0例。Ⅲ期：试验组347例，脱落13例、剔除0例；对照组118例，脱落2例，剔除0例。,,　　l、服药期间定期检测血糖，并注意结合饮食控制和体育锻炼等方法综合治疗。　　2、对本品过敏或过敏体质者慎用。　　3、尚无研究数据支持本品可用于孕妇、哺乳期妇女，以及糖尿病酮症酸中毒及严重感染者。　　4、本品尚未进行过受试者空腹血糖≥13.9mmol／L和(或)餐后2小时血糖≥16.6mmol／L条件下的相关研究。,,,北京同仁堂股份有限公司同仁堂制药厂【企业名称】北京同仁堂股份有限公司同仁堂制药厂【地址】北京市丰台区南三环中路20号【邮编】100179【省份/国家】北京【电话】（010）87632888【传真】（010）67615182【主页】www.tongrentangkj.com,
medicine,757,氨杞康口服液,anqikangkoufuye,蚕蛹、枸杞子,益肾养阴，润燥清热。用于肝肾不足、肺燥阴虚所致的疲乏无力，头昏头晕，食欲不振，也可用于糖尿病、高脂血症见上述症状者。,中成药>>其他,二年,国药准字 B20021006,,密封，置阴凉处。,,,口服，一次 10～20 ml，一日 3 次。,,玻璃管制口服液瓶。10 ml × 20 支/盒。,,,每支装 10ml,,,,,,,,
medicine,778,复方南瓜养阴散,fufangnanguayangyinsan,复方南瓜养阴成方裸仁南瓜、丹参、黄芪、葛根、茯苓、仙鹤草、牡蛎、煅牡蛎、枸杞子、桑椹、糯米。,益气养阴，活血化瘀。适用于气阴两虚证糖尿病的辅助治疗，可改善多食，多饮，多尿，消瘦，倦怠乏力，自汗盗汗等症状。,中成药>>其他,24 个月,国药准字 B20020493,,密封，防潮。,吉林金恒制药股份有限公司【企业名称】吉林金恒制药股份有限公司,有个别患者出现轻度胃中不舒、恶心现象，减量后恢复正常。,开水冲服，一次 1 袋，一日 3 次。,,药品包装用复合膜 10 g/袋 × 6 袋/盒,,,每袋装 10 g。,国家药品监督管理局标准 WS-5472（B-0472）-2002,,,在医生指导下服用。脾胃虚弱者慎用。孕妇慎用。,,中成药疗效及安全性未经循证医学验证，请遵医嘱谨慎使用。,吉林金恒制药股份有限公司【企业名称】吉林金恒制药股份有限公司,
medicine,791,参地益阴胶囊,shendiyiyinjiaonang,地黄 何首乌 黄精 葛根 西洋参 黄芪 苍术 桑白皮 荔枝核 川芎 牡丹皮 菟丝子 牡蛎,益气养阴。适用于气阴两虚证糖尿病的辅助治疗，可改善口渴多饮，消谷善饥，倦怠乏力，小便量多，心悸失眠等症状。,中成药>>其他,二年,国药准字 B20020724,,密封，防潮，置阴凉干燥处。,,有个别患者服药后，出现上腹部轻微不适或头部稍有闷胀，可自行消失。,口服，一次 4 粒，一日 3 次。,,铝塑板。,,,每粒装 0.35g,,,,在医生指导下使用。,,,山西太原药业有限公司【企业名称】山西太原药业有限公司【地址】山西省太原市晋源区化工路22号【邮编】030021【省份/国家】山西省【电话】0351-6070430【传真】0351-6074034,
medicine,792,生芪消渴胶囊,shengqixiaokejiaonang,黄芪、地黄、丹参。,益气生津，活血化瘀。用于气阴两虚证糖尿病的辅助治疗，可改善倦怠乏力，多食易饥，口渴多饮，小便量多等症状。,中成药>>其他,24个月,,,密封，置阴凉干燥处。,,,口服，一次3-4粒，一日3次。,严重肾功能衰竭者慎用。,药用塑料瓶；60粒/瓶。,,,每粒装0.4g,,,,在医生指导下用药。,,,贵州益佰制药股份有限公司【企业名称】贵州益佰制药股份有限公司【地址】贵州省贵阳市白云大道220-1号【邮编】550008【省份/国家】贵州省【电话】（0851）4705590【传真】（0851）4704019【主页】www.gz-yibai.com,
medicine,793,十六味消渴胶囊,shiliuweixiaokejiaonang,黄芪、地黄、人参、北沙参、山茱萸、山药、石膏、黄连、天花粉、葛根、知母、茯苓、泽泻、苍术、丹参、枸杞子。,益气滋阴，清热生津。用于阴虚燥热型糖尿病的辅助治疗，可改善口渴多饮，多食易饥，小便量多，倦怠乏力，气短懒言，五心烦热，溲赤便干等症状。,中成药>>其他,24 个月。,国药准字 B20020481,,密封，置阴凉干燥处(不超过 20 ℃ )。,,,口服。一次 4-6 粒，一日 3 次，饭前半小时服用。,孕妇忌用。,本品为铝箔 PVC 泡罩包装。每板 12 粒，每盒 4 板。,,,每粒装 0.4 克,国家食品药品监督管理局国家药品标准 WS-5460(B-0460)-2002-2012Z,,,在医生指导下使用。  脾胃虚弱者慎用。,,,山西黄河中药有限公司【企业名称】山西黄河中药有限公司【地址】山西省太谷县龟龄山庄一号【邮编】030800【省份/国家】山西省【电话】0351-4728911【传真】0351-4728914【主页】www.sx-huanghe.com,
